Date From,Date To,Name,Venue,Country,Category,Calendar,Class,EMail,Website
10/25/2024,11/3/2024,Vuelta Ciclistica Internacional a Guatemala,,GUA,ME,AME,2.2,fciclismo.guatemala@gmail.com,www.fedeciclismogua.org
11/1/2024,11/3/2024,Tour do Rio,,BRA,ME,AME,2.2,cbc@cbc.esp.br,www.cbc.esp.br
11/2/2024,11/2/2024,Caribbean Road Championships  - WE - ITT,,GUY,WE,AME,1.2,jorgeblasdiaz@hotmail.com,https://www.copaci.org
11/2/2024,11/2/2024,Caribbean Road Championships  - ME - ITT,,GUY,ME,AME,1.2,jorgeblasdiaz@hotmail.com,https://www.copaci.org
11/2/2024,11/2/2024,2024 Tour de France Saitama Criterium,"Saitama City, Saitama Pref, Japan",JPN,ME,ASI,CRTP,cycle-jigyou@saitamasc.jp,https://saitama-criterium.jp/
11/3/2024,11/3/2024,Caribbean Road Championships  - WE - IRR,,GUY,WE,AME,1.2,jorgeblasdiaz@hotmail.com,https://www.copaci.org
11/3/2024,11/3/2024,Caribbean Road Championships  - ME - IRR,,GUY,ME,AME,1.2,jorgeblasdiaz@hotmail.com,https://www.copaci.org
11/9/2024,11/10/2024,National Road Championships - Peru (Junior ITT),,PER,,AME,CN,presidencia@fedepeci.pe; administracion@fedepeci.pe,
11/10/2024,11/10/2024,Tour de France Prudential Singapore Criterium,Esplanade Park,SIN,ME,ASI,CRTP,agnes@evokeexp.com,https://singaporecriterium.com/
11/11/2024,11/17/2024,Vuelta Ciclística al Ecuador,,ECU,ME,AME,2.2,secretaria@fec.ec,www.fec.ec
11/21/2024,11/24/2024,Vuelta Femenina al Ecuador,,ECU,WE,AME,2.2,secretaria@fec.ec,www.fec.ec
11/24/2024,11/24/2024,Beking,Monaco,MON,ME,EUR,CRTP,info@bekingevents.com,www.bekingevents.com
12/6/2024,12/8/2024,Tour de Siak,,INA,ME,ASI,2.2,pemasaran.pariwistasiak@gmail.com,
12/7/2024,12/10/2024,National Road Championships - India,,IND,,ASI,CN,secretarygeneral@cfiindia.in,www.cfiindia.in
12/8/2024,12/9/2024,National Road Championships - Chinese Taipei,,TPE,,ASI,CN,tourdetw@ms35.hinet.net,https://cycling.org.tw/
12/13/2024,12/22/2024,Vuelta Ciclista Internacional a Costa Rica,,CRC,ME,AME,2.2,fecoci@fecoci.net,www.fecoci.net
1/8/2025,1/12/2025,National Road Championships - Australia,,AUS,,OCE,CN,events@auscycling.org.au,https://www.roadnationals.org.au/
1/12/2025,1/19/2025,Vuelta al Táchira en Bicicleta,,VEN,ME,AME,2.2,"atccontacto1@gmail.com, vueltachiraenbicicleta",www.lavueltaaltachira.com
1/12/2025,1/19/2025,National Road Championships - Lesotho,,LES,,AFR,CN,makatilerammotang@yahoo.com,lesothocycling.co.ls
1/17/2025,1/19/2025,National Road Championships - Thailand,,THA,,ASI,CN,thaicyclingassociation.tca@gmail.com,https://www.thaicycling.or.th
1/17/2025,1/19/2025,Santos Tour Down Under,,AUS,WE,MON,2.WWT,tourdownunder2@sa.gov.au; jess.sherwell@sa.gov.au,tourdownunder.com.au
1/18/2025,1/18/2025,Villawood Men's Classic,,AUS,ME,OCE,CRTP,tourdownunder@sa.gov.au; jess.sherwell@sa.gov.au,https://tourdownunder.com.au/
1/21/2025,1/26/2025,Santos Tour Down Under,,AUS,ME,UWT,2.UWT,Tourdownunder2@sa.gov.au; jess.sherwell@sa.gov.au,www.tourdownunder.com.au
1/22/2025,1/26/2025,Tour du Sahel,,MTN,ME,AFR,2.2,fncmauritanie@gmail.com,
1/24/2025,1/24/2025,Classica Camp de Morvedre,,ESP,ME,EUR,1.2,info@sierra-calderona.com,
1/24/2025,1/28/2025,Tour of Sharjah,,UAE,ME,ASI,2.2,sharjahtour@sharjahsports.shj.ae,www.sharjahtour.ae
1/25/2025,1/25/2025,Trofeo Marratxi-Felanitx,,ESP,WE,EUR,1.1,info@unisportconsulting.com,https://vueltamallorca.com/challenge-mallorca/
1/25/2025,1/25/2025,Gran Premio Castellón - Ruta de la Cerámica,,ESP,ME,EUR,1.1,ccsepelaco@gmail.com,www.gpcastellon.es
1/26/2025,1/26/2025,Schwalbe Women's One Day Classic,,AUS,WE,OCE,1.Pro,tourdownunder@sa.gov.au; jess.sherwell@sa.gov.au,https://tourdownunder.com.au/
1/26/2025,1/26/2025,Clàssica Comunitat Valenciana 1969 - Gran Premi València,,ESP,ME,EUR,1.1,info@cclamarina.org,voltalamarina.com
1/26/2025,1/26/2025,Trofeo Palma Femina,,ESP,WE,EUR,1.1,info@unisportconsulting.com,https://vueltamallorca.com/challenge-mallorca/
1/27/2025,1/27/2025,Trofeo Binissalem-Andratx,,ESP,WE,EUR,1.1,info@unisportconsulting.com,https://vueltamallorca.com/challenge-mallorca/
1/28/2025,2/1/2025,AlUla Tour,,KSA,ME,ASI,2.1,jmmarino@aso.fr,www.thealulatour.com
1/29/2025,1/29/2025,Trofeo Calvià,,ESP,ME,EUR,1.1,info@unisportconsulting.com,https://vueltamallorca.com/challenge-mallorca/
1/29/2025,1/29/2025,Surf Coast Classic - Women,,AUS,WE,OCE,1.1,admin@cadelevansgreatoceanroadrace.com.au,www.cadelevansgreatoceanroadrace.com.au
1/30/2025,1/30/2025,Surf Coast Classic - Men,,AUS,ME,OCE,1.1,admin@cadelevansgreatoceanroadrace.com.au,www.cadelevansgreatoceanroadrace.com.au
1/30/2025,1/30/2025,"Trofeo Ses Salines
 Trofeo Ses Salines
 Trofeo Ses Salines",,ESP,ME,EUR,1.1,info@unisportconsulting.com,https://vueltamallorca.com/challenge-mallorca/
1/31/2025,1/31/2025,Trofeo Serra Tramuntana,,ESP,ME,EUR,1.1,info@unisportconsulting.com,https://vueltamallorca.com/challenge-mallorca/
1/31/2025,2/2/2025,National Road Championships - Ecuador,,ECU,,AME,CN,secretaria@fec.ec,www.fec.ec
2/1/2025,2/1/2025,Trofeo Andratx - Pollença,,ESP,ME,EUR,1.1,info@unisportconsulting.com,https://vueltamallorca.com/challenge-mallorca/
2/1/2025,2/1/2025,Grand Prix Antalya,,TUR,ME,EUR,1.2,info@bisiklet.gov.tr,www.bisiklet.gov.tr
2/1/2025,2/1/2025,Cadel Evans Great Ocean Road Race - Women,,AUS,WE,MON,1.WWT,admin@cadelevansgreatoceanroadrace.com.au,www.cadelevansgreatoceanroadrace.com.au
2/2/2025,2/2/2025,Grand Prix Cycliste de Marseille La Marseillaise,,FRA,ME,EUR,1.1,pguille@lamarseillaise.fr,www.lamarseillaise.fr
2/2/2025,2/2/2025,Cadel Evans Great Ocean Road Race - Men,,AUS,ME,UWT,1.UWT,admin@cadelevansgreatoceanroadrace.com.au,www.cadelevansgreatoceanroadrace.com.au
2/2/2025,2/2/2025,Trofeo Palma,,ESP,ME,EUR,1.1,info@unisportconsulting.com,https://vueltamallorca.com/challenge-mallorca/
2/5/2025,2/9/2025,Etoile de Bessèges - Tour du Gard,,FRA,ME,EUR,2.1,etoiledebesseges@orange.fr,www.etoiledebesseges.com
2/5/2025,2/9/2025,Volta a la Comunitat Valenciana,,ESP,ME,EUR,2.Pro,dir@vueltacv.com,www.vueltacv.com
2/6/2025,2/8/2025,National Road Championships - New Zealand,,NZL,,OCE,CN,events@cnz.kiwi,eliteroadnationals.nz
2/6/2025,2/9/2025,National Road Championships - Colombia,,COL,,AME,CN,presidencia@federacioncolombianadeciclismo.com,www.federacioncolombianadeciclismo.com
2/6/2025,2/9/2025,UAE Tour Women,,UAE,WE,MON,2.WWT,f.damico@rcssportsandevents.com ; AAlyaqoubi@adsc.gov.ae,
2/7/2025,2/7/2025,Muscat Classic,,OMA,ME,ASI,1.1,fperque@aso.fr,
2/7/2025,2/9/2025,National Road Championships - Uruguay,,URU,,AME,CN,secretaria@federacionciclista.com.uy,federacionciclista.com.uy
2/7/2025,2/9/2025,National Road Championships - Namibia,,NAM,,AFR,CN,mfreyer@outlook.com,
2/7/2025,2/16/2025,Asian Road Cycling Championships,Phitsanulok Province,THA,,ASI,CC,acccycling@hotmail.com,http://accasia.org/
2/8/2025,2/8/2025,Grand Prix Aspendos,,TUR,ME,EUR,1.2,info@bisiklet.gov.tr,www.bisiklet.gov.tr
2/8/2025,2/8/2025,Grand Prix Sakiat Sidi Youcef,,ALG,ME,AFR,1.2,alg.cyc.fed@gmail.com,https://facyclisme.com
2/8/2025,2/8/2025,Criterium de Kigali,,RWA,ME,AFR,CRT,ferwacy@yahoo.fr,https://ferwacy.rw
2/8/2025,2/12/2025,Tour of Oman,,OMA,ME,ASI,2.Pro,fperque@aso.fr,www.letour.fr
2/9/2025,2/9/2025,Vuelta CV Feminas,,ESP,WE,EUR,1.Pro,feminas@vueltacv.com,www.vueltacv.com
2/9/2025,2/18/2025,Tour d'Algérie,,ALG,ME,AFR,2.2,alg.cyc.fed@gmail.com,https://facyclisme.com
2/13/2025,2/16/2025,Setmana Ciclista Volta Femenina de la Comunitat Valenciana,,ESP,WE,EUR,2.Pro,ruben.donet@ccescapada.com,https://setmanaciclista.com/
2/14/2025,2/16/2025,Tour de la Provence,,FRA,ME,EUR,2.1,gdharcourt@laprovence.com,
2/15/2025,2/15/2025,Vuelta a la Región de Murcia “Costa Cálida”,,ESP,ME,EUR,1.1,pacoguzman@vueltamurcia.es,www.vueltamurcia.es
2/16/2025,2/16/2025,Clasica de Almeria,,ESP,ME,EUR,1.Pro,clasicadealmeria@hotmail.com,www.clasicadealmeria.net
2/16/2025,2/16/2025,Clásica de Jaén Nation’s Cup Women,,ESP,WJ,EUR,1.Ncup,mompa@laatsteronde.es,
2/16/2025,2/16/2025,Figueira Champions Classic,,POR,ME,EUR,1.Pro,administracao@fullracing.pt,www.figueirachampionsclassic.com
2/17/2025,2/17/2025,Clásica Jaén,,ESP,ME,EUR,1.1,mompa@laatsteronde.es,https://clasicajaen.com/
2/17/2025,2/23/2025,UAE Tour,,UAE,ME,UWT,2.UWT,f.damico@rcssportsandevents.com;AAlyaqoubi@adsc.gov.ae,www.theuaetour.com
2/19/2025,2/23/2025,Volta ao Algarve em Bicicleta,,POR,ME,EUR,2.Pro,geral@fpciclismo.pt,www.voltaaoalgarve.com
2/19/2025,2/23/2025,Vuelta a Andalucia Ruta Ciclista Del Sol,,ESP,ME,EUR,2.Pro,joaquin@deporinter.es,www.vueltaandalucia.es
2/20/2025,2/20/2025,Grand Prix Sonatrach,,ALG,ME,AFR,1.2,alg.cyc.fed@gmail.com,https://facyclisme.com
2/20/2025,2/23/2025,National Road Championships - Pakistan,,PAK,,ASI,CN,pakistan.cycling@pcf.com.pk,
2/21/2025,2/21/2025,Classic Var,,FRA,ME,EUR,1.1,tour0683@nicematin.fr,ncematin.com
2/22/2025,2/22/2025,Grand Prix de la Ville d'Alger,,ALG,ME,AFR,1.2,alg.cyc.fed@gmail.com,hptts://facyclisme.com
2/22/2025,2/23/2025,Tour des Alpes-Maritimes,,FRA,ME,EUR,2.1,tour0683@nicematin.fr,www.tour06-83.com
2/23/2025,2/23/2025,Clasica de Almeria,,ESP,WE,EUR,1.1,clasicadealmeria@hotmail.com,www.clasicadealmeria.net
2/23/2025,3/2/2025,Tour du Rwanda,,RWA,ME,AFR,2.1,contact@tourdurwanda.rw,www.tourdurwanda.rw
2/24/2025,2/24/2025,National Criterium Championships - Philippines,,PHI,WE,ASI,CRT,philcycling@gmail.com,https://www.facebook.com/philcycling
2/24/2025,2/24/2025,National Criterium Championships - Philippines,,PHI,ME,ASI,CRT,philcycling@gmail.com,https://www.facebook.com/philcycling
2/25/2025,2/28/2025,National Road Championships - Philippines,,PHI,,ASI,CN,philcycling@gmail.com,https://www.facebook.com/philcycling
2/26/2025,3/2/2025,O Gran Camiño -  The Historical Route,,ESP,ME,EUR,2.1,EME@EMESPORTS.ES,
3/1/2025,3/1/2025,Omloop Nieuwsblad,,BEL,WE,MON,1.WWT,maja.leye@flandersclassics.be,www.omloopnieuwsblad.be
3/1/2025,3/1/2025,Omloop Nieuwsblad,,BEL,ME,UWT,1.UWT,nicolas.denys@flandersclassics.be,www.omloopnieuwsblad.be
3/1/2025,3/1/2025,Faun-Ardèche Classic,,FRA,ME,EUR,1.Pro,guillaume.delpech@bdao.info,www.boucles-drome-ardeche.fr
3/1/2025,3/1/2025,Gran Premio San Vicente - Costa Blanca - Junior C.R.I.,,ESP,MJ,EUR,1.1,info@costablancachallenge.es,www.costablancachallenge.es
3/1/2025,3/2/2025,Visit South Aegean Islands,,GRE,ME,EUR,2.2,rhodescycling@gmail.com,www.rhodestour.gr
3/2/2025,3/2/2025,Faun Drome Classic,,FRA,ME,EUR,1.Pro,guillaume.delpech@bdao.info,www.boucles-drome-ardeche.fr
3/2/2025,3/2/2025,Kuurne - Brussel - Kuurne Juniors,,BEL,MJ,EUR,1.1,info@kbk.be,www.kuurne-brussel-kuurne.be
3/2/2025,3/2/2025,Kuurne - Brussel - Kuurne,,BEL,ME,EUR,1.Pro,info@kbk.be,www.kuurne-brussel-kuurne.be
3/2/2025,3/2/2025,Gran Premio San Vicente - Costa Blanca - Junior Ruta,,ESP,MJ,EUR,1.1,info@costablancachallenge.es,www.costablancachallenge.es
3/2/2025,3/2/2025,Omloop van het Hageland,,BEL,WE,EUR,1.1,info@omloophageland.be,www.cttilt.be
3/4/2025,3/4/2025,Le Samyn des Dames,,BEL,WE,EUR,1.1,Ph.lienart@outlook.fr,ws-sport.events
3/4/2025,3/4/2025,Ename Samyn Classic,,BEL,ME,EUR,1.1,Ph.liénart@outlook.fr,ws-sport.events
3/5/2025,3/5/2025,UMAG Classic Ladies,,CRO,WE,EUR,1.2,ivan.crnjaric@thorax.hr,
3/5/2025,3/5/2025,UMAG Classic,,CRO,ME,EUR,1.2,ivan.crnjaric@thorax.hr,
3/5/2025,3/5/2025,Trofeo Laigueglia,,ITA,ME,EUR,1.Pro,laigueglia@comune.laigueglia.sv.it,www.trofeolaigueglia.it
3/6/2025,3/8/2025,Vuelta a Extremadura Femenina,,ESP,WE,EUR,2.1,federacion@ciclismoextremadura.es,www.ciclismoextremadura.es
3/7/2025,3/11/2025,BIWASE Tour of Vietnam,,VIE,WE,ASI,2.2,vncycling@yahoo.com,
3/8/2025,3/8/2025,National Criterium - Zimbabwe,,ZIM,ME,AFR,CRT,secretarygeneral@cyclingzimbabwe.org,
3/8/2025,3/8/2025,Strade Bianche Donne,,ITA,WE,MON,1.WWT,giusy.virelli@rcs.it,www.strade-bianche.it
3/8/2025,3/8/2025,Rhodes GP,,GRE,ME,EUR,1.2,rhodescycling@gmail.com,www.rhodestour.gr
3/8/2025,3/8/2025,Le Tour des 100 Communes,,FRA,ME,EUR,1.2,rso.tour100communes@gmail.com,regionsportorgansation.fr
3/8/2025,3/8/2025,Grand Prix Criquielion,,BEL,ME,EUR,1.1,info@ententecyclisteacrenoise.be,www.ententecyclisteacrenoise.be
3/8/2025,3/8/2025,Strade Bianche,,ITA,ME,UWT,1.UWT,stefano.allocchio@rcs.it,www.strade-bianche.it
3/9/2025,3/9/2025,Grote prijs Jean - Pierre Monseré,,BEL,ME,EUR,1.1,info@gpmonsere.be,www.gpmonsere.be
3/9/2025,3/9/2025,POREČ Classic,,CRO,ME,EUR,1.2,ivan.crnjaric@thorax.hr,
3/9/2025,3/9/2025,POREČ Classic Ladies,,CRO,WE,EUR,1.2,ivan.crnjaric@thorax.hr,
3/9/2025,3/9/2025,Grand Prix de la Ville de Lillers Souvenir Bruno Comini,,FRA,ME,EUR,1.2,rso.gplillers@gmail.com,gp2lillers.fr
3/9/2025,3/9/2025,Trofeo Oro in Euro - Women's Bike Race,,ITA,WE,EUR,1.1,montignosociclismo@gmail.com,www.montignosociclismo.org
3/9/2025,3/9/2025,Dorpenomloop Rucphen,,NED,ME,EUR,1.2,info@dorpenomlooprucphen.nl,www.dorpenomlooprucphen.nl
3/9/2025,3/9/2025,Gran Premi Les Franqueses KH7,,ESP,MJ,EUR,1.1,bicicletesegu@gmail.com,www.ucfciclisme.com
3/9/2025,3/16/2025,Paris-Nice,,FRA,ME,UWT,2.UWT,tgouvenou@aso.fr,www.letour.fr
3/10/2025,3/16/2025,Tirreno-Adriatico,,ITA,ME,UWT,2.UWT,stefano.allocchio@rcs.it,www.tirrenoadriatico.it
3/11/2025,3/14/2025,Trofeo Ponente in Rosa,,ITA,WE,EUR,2.2,TROFEOPONENTEROSA@GMAIL.COM,www.loabikers.com
3/12/2025,3/12/2025,Ixina GP Oetingen p/b Lotto,,BEL,WE,EUR,1.Pro,Steven@gooiksportief.be,www.gooiksportief.be
3/13/2025,3/16/2025,Tour of Rhodes Powered by Rodos Palace,,GRE,ME,EUR,2.2,rhodescycling@gmail.com,www.rhodestour.gr
3/13/2025,3/16/2025,Istrian Spring Tour,,CRO,ME,EUR,2.2,ivan.crnjaric@thorax.hr,
3/14/2025,3/16/2025,National Road Championships - Panamá,,PAN,,AME,CN,info@fepaci.com.pa,https://fepaci.com.pa/
3/15/2025,3/15/2025,Danilith Nokere Koerse MJ,,BEL,MJ,EUR,1.1,info@nokerekoerse.be,www.nokerekoerse.be
3/16/2025,3/16/2025,Popolarissima,,ITA,ME,EUR,1.2,uctrevigiani@libero.it,
3/16/2025,3/16/2025,Piccolo Trofeo Alfredo Binda - Valli del Verbano,,ITA,WJ,EUR,1.Ncup,mario.minervino@trofeobinda.com; mario.minervino@email.it,www.cyclingsportpromotion.com
3/16/2025,3/16/2025,Trofeo Alfredo Binda - Comune di Cittiglio,,ITA,WE,MON,1.WWT,mario.minervino@email.it; mario.minervino@trofeobinda.com,www.cyclingsportpromotion.com
3/16/2025,3/20/2025,Tour de Taiwan,,TPE,ME,ASI,2.1,tourdetw@ms35.hinet.net,www.cycling.org.tw
3/19/2025,3/19/2025,Danilith Nokere Koerse WE,,BEL,WE,EUR,1.Pro,info@nokerekoerse.be,www.nokerekoerse.be
3/19/2025,3/19/2025,Milano - Torino,,ITA,ME,EUR,1.Pro,luca.papini@rcs.it,www.milanotorino.it
3/19/2025,3/19/2025,Danilith Nokere Koerse,,BEL,ME,EUR,1.Pro,info@nokerekoerse.be,www.nokerekoerse.be
3/20/2025,3/20/2025,Grand Prix de Denain - Porte du Hainaut,,FRA,ME,EUR,1.Pro,dominique.serrano@gpdenain.fr; contact@gpdenain.fr,www.gpdenain.fr
3/21/2025,3/21/2025,Youngster Coast Challenge,,BEL,MU,EUR,1.2U,info@bredenekoksijdeclassic.be,www.bredenekoksijdeclassic.be
3/21/2025,3/21/2025,Bredene Koksijde Classic,,BEL,ME,EUR,1.Pro,info@bredenekoksijdeclassic.be,www.bredenekoksijdeclassic.be
3/22/2025,3/22/2025,Milano-Sanremo Donne,,ITA,WE,MON,1.WWT,giusy.virelli@rcs.it,
3/22/2025,3/22/2025,Milano-Sanremo,,ITA,ME,UWT,1.UWT,stefano.allocchio@rcs.it,www.milanosanremo.it
3/22/2025,3/23/2025,Guido Reybrouck Classic,,BEL,MJ,EUR,2.1,info@guidoreybrouckclassic.be,www.guidoreybrouckclassic.be
3/23/2025,3/23/2025,Grand Prix Apollon Temple,,TUR,ME,EUR,1.2,info@bisiklet.gov.tr,www.bisiklet.gov.tr
3/23/2025,3/23/2025,Bernaudeau Junior,,FRA,MJ,EUR,1.1,frederic.gauvrit@outlook.com,https://labernaudeaujunior.jimdofree.com/
3/23/2025,3/23/2025,GP Slovenian Istria,,SLO,ME,EUR,1.2,kzs@kolesarska-zveza.si,www.kolesarska-zveza.si
3/23/2025,3/23/2025,Classica da Arrabida - Cyclin'Portugal,,POR,ME,EUR,1.2,geral@fpciclismo.pt,www.fpciclismo.pt
3/23/2025,3/23/2025,Cholet Agglo Tour,,FRA,ME,EUR,1.1,choletagglotour@choletevenements.fr,https://www.choletagglotour.fr/
3/23/2025,3/23/2025,Midwest Cycling Classic,,BEL,WE,EUR,1.2,krisspiesschaert@hotmail.com,
3/24/2025,3/29/2025,The Princess Maha Chakri Sirindhorn's Cup Tour of Thailand 2025,,THA,ME,ASI,2.1,taca1959@yahoo.com,www.thaicycling.or.th
3/24/2025,3/30/2025,Volta Ciclista a Catalunya,,ESP,ME,UWT,2.UWT,volta@voltacatalunya.cat,www.voltacatalunya.cat
3/25/2025,3/29/2025,Settimana Internazionale Coppi e Bartali,,ITA,ME,EUR,2.1,gsemiliaciclismo@tin.it,www.gsemilia.it
3/26/2025,3/26/2025,Classic Brugge-De Panne,,BEL,ME,UWT,1.UWT,secretariaat@kvcps.be,www.bruggedepanneclassic.be
3/26/2025,3/30/2025,Volta ao Alentejo,,POR,ME,EUR,2.2,geral@podi1.com,www.podi1.com
3/26/2025,3/30/2025,Olympia's Tour,,NED,ME,EUR,2.2,thijs.rondhuis@courage-events.nl,www.olympiastour.com
3/27/2025,3/27/2025,Classic Brugge-De Panne,,BEL,WE,MON,1.WWT,secretariaat@kvcps.be,www.bruggedepanneclassic.be
3/27/2025,3/27/2025,GP Brda-Collio,,SLO,ME,EUR,1.2,cycling@meblojogi.si,
3/28/2025,3/28/2025,E3 Saxo Classic,,BEL,MJ,EUR,1.Ncup,info@e3saxoclassic.be,www.e3saxoclassic.be
3/28/2025,3/28/2025,E3 Saxo Classic,,BEL,ME,UWT,1.UWT,info@e3saxoclassic.be,www.e3saxoclassic.be
3/29/2025,3/30/2025,Tour du Bocage et de l'Ernée 53,,FRA,MJ,EUR,2.1,gerardcouge@orange.fr,tourbocageernee53.sportsregions.fr
3/30/2025,3/30/2025,Gent-Wevelgem in Flanders Fields,,BEL,ME,UWT,1.UWT,nicolas.denys@flandersclassics.be,www.gent-wevelgem.be
3/30/2025,3/30/2025,I feel Slovenia VN Adria Mobil,,SLO,ME,EUR,1.2,info@adriamobilcycling.com,www.adria-mobil-cycling.com/sl
3/30/2025,3/30/2025,Gent-Wevelgem In Flanders Fields,,BEL,WE,MON,1.WWT,maja.leye@flandersclassics.be,www.gent-wevelgem.be
3/30/2025,3/30/2025,La Roue Tourangelle Centre Val de Loire - Groupama P.V.L.,,FRA,ME,EUR,1.1,touraine-evenement-sport@orange.fr,www.larouetourangelle.com
3/30/2025,3/30/2025,G.P. Emilia,,ITA,ME,EUR,1.1,gsemiliaciclismo@tin.it,
3/31/2025,4/2/2025,The Princess Maha Chakri Sirindhorn's Cup Women's Tour of Thailand,,THA,WE,ASI,2.2,taca1959@yahoo.com,www.thaicycling.or.th
4/2/2025,4/2/2025,Dwars door Vlaanderen - A travers la Flandre,,BEL,ME,UWT,1.UWT,info@ddvl.eu,www.ddvl.eu
4/2/2025,4/2/2025,Paris - Camembert,,FRA,ME,EUR,1.1,copc61@orange.fr,paris-camembert.ifrance.com
4/2/2025,4/2/2025,Dwars Door Vlaanderen / A Travers la Flandre,,BEL,WE,EUR,1.Pro,info@dwarsdoorvlaanderen.be,www.dwarsdoorvlaanderen.be
4/2/2025,4/6/2025,ΔΕΗ Ιnternational Tour of Hellas,,GRE,ME,EUR,2.1,cycling.tour.of.hellas@gmail.com,https://www.hellas-tour.gr/portal/en/
4/2/2025,4/7/2025,Tour El Salvador,,ESA,WE,AME,2.2,h.rivas@touresa.com,
4/4/2025,4/4/2025,La Route Adélie de VItré,,FRA,ME,EUR,1.1,alain.ramir@orange.fr,www.routeadelievitre.fr
4/4/2025,4/6/2025,Internationale Cottbuser Junioren-Etappenfahrt,,GER,MJ,EUR,2.1,info@rsc-cottbus.de,www.rsc-cottbus.de
4/4/2025,4/6/2025,Jamaica International Cycling Classic,,JAM,ME,AME,2.2,info@jamaicaicc.com,www.jamaicaicc.com
4/5/2025,4/5/2025,Volta NXT Classic,,NED,WE,EUR,1.2,info@voltanxtclassic.nl,www.voltanxtclassic.nl
4/5/2025,4/5/2025,Volta NXT Classic,,NED,ME,EUR,1.1,info@voltanxtclassic.nl,www.voltalimburgclassic.nl
4/5/2025,4/5/2025,Boucle de l'Artois,,FRA,ME,EUR,1.2,julien.brianchon@orange.fr,www.boucledelartois.fr
4/5/2025,4/5/2025,Gran Premio Miguel Indurain,,ESP,ME,EUR,1.Pro,secretaria@clubciclistaestella.com,www.clubciclistaestella.com
4/6/2025,4/6/2025,Grand Prix Syedra Ancient City,,TUR,ME,EUR,1.2,info@bisiklet.gov.tr,www.bisiklet.gov.tr
4/6/2025,4/6/2025,Ronde van Vlaanderen,,BEL,ME,UWT,1.UWT,nicolas.denys@flandersclassics.be,www.rondevanvlaanderen.be
4/6/2025,4/6/2025,Trofeo Piva,,ITA,MU,EUR,1.2U,segreteria@accolsanmartino.it,www.accolsanmartino.it
4/6/2025,4/6/2025,Ronde van Vlaanderen,,BEL,WE,MON,1.WWT,maja.leye@flandersclassics.be,www.rondevanvlaanderen.be
4/7/2025,4/11/2025,Tour of Hainan,,CHN,ME,ASI,2.Pro,tourofhainan@163.com,www.tourofhainan.com
4/7/2025,4/12/2025,Itzulia Basque Country,,ESP,ME,UWT,2.UWT,admon@oceta.eus,www.itzulia.eus
4/8/2025,4/8/2025,Grand Prix Presidente,,ESA,WE,AME,1.2,h.rivas@touresa.com,
4/8/2025,4/11/2025,Région Pays de la Loire Tour,,FRA,ME,EUR,2.1,laurentbspdrouault@gmail.com; sylviebspdrouault@gmail.com,https://www.regionpaysdelaloire-tour.fr/
4/9/2025,4/9/2025,Scheldeprijs,,BEL,ME,EUR,1.Pro,info@scheldeprijs.be,www.scheldeprijs.be
4/9/2025,4/9/2025,Région Pays de la Loire Tour - Féminin,,FRA,WE,EUR,1.2,laurentbspdrouault@gmail.com ; sylviebspdrouault@gmail.com,https://www.regionpaysdelaloire-tour.fr/
4/9/2025,4/9/2025,Scheldeprijs vrouwen elite,,BEL,WE,EUR,1.1,INFO@SCHELDEPRIJS.BE,WWW.SCHELDEPRIJS.BE
4/9/2025,4/10/2025,National Road Championships - Uzbekistan (MU/WU),,UZB,,ASI,CN,uzbcycling@gmail.com,
4/9/2025,4/13/2025,Giro Mediterraneo in Rosa,,ITA,WE,EUR,2.2,girorosa22@gmail.com,WWW.GIROMEDITERRANEOROSA.IT
4/9/2025,4/13/2025,Circuit des Ardennes,,FRA,ME,EUR,2.2,circuitdesardennes@orange.fr,www.circuitdesardennes.fr
4/10/2025,4/13/2025,Tour of Mersin,,TUR,ME,EUR,2.2,info@bisiklet.gov.tr,www.bisiklet.gov.tr
4/12/2025,4/12/2025,Paris-Roubaix Femmes avec Zwift,,FRA,WE,MON,1.WWT,tgouvenou@aso.fr,www.letour.fr
4/12/2025,4/12/2025,Trofeu 15 d'Abril,,ESP,MJ,EUR,1.1,ciclismecanonja@tinet.cat,www.ciclisme.cat
4/12/2025,4/12/2025,Arno Wallaard Memorial,,NED,ME,EUR,1.2,info@arnowallaardmemorial.nl,www.arnowallaardmemorial.nl
4/12/2025,4/12/2025,National Road Championships - Cyprus ITT MU/WU,,CYP,,EUR,CN,ccf@cytanet.com.cy,
4/12/2025,4/20/2025,National Road Championships - United Arab Emirates,,UAE,,ASI,CN,uaecyclingfederation@gmail.com,www.uaecf.ae
4/13/2025,4/13/2025,Tr. Città di S.Vendemiano - GP Industria & Commercio,,ITA,MU,EUR,1.2U,veloclubsanvendemiano@yahoo.com; trofeocittadisanvendemiano@yahoo.com,www.veloclubsanvendemiano.it
4/13/2025,4/13/2025,Paris-Roubaix,,FRA,ME,UWT,1.UWT,tgouvenou@aso.fr,www.letour.fr
4/13/2025,4/13/2025,Paris-Roubaix Juniors,,FRA,MJ,EUR,1.Ncup,veloclubroubaix@orange.fr,asso.nordnet.fr/veloclubroubaix/
4/13/2025,4/13/2025,Ślężański Mnich - Bruki & Szutry,,POL,ME,EUR,1.2,KSSLEZA@GMAIL.COM,WWW.KSSLEZA.PL
4/13/2025,4/13/2025,Paris-Roubaix Espoirs,,FRA,MU,EUR,1.2U,veloclubroubaix@orange.fr,www.veloclubroubaix.fr
4/15/2025,4/17/2025,Grand Prix Gazalkent Ladies,,UZB,WJ,ASI,2.1,uzbcycling@gmail.com,www.velosport.uz
4/15/2025,4/17/2025,Grand Prix Gazalkent,,UZB,MJ,ASI,2.1,uzbcycling@gmail.com,www.velosport.uz
4/15/2025,4/18/2025,Il Giro d'Abruzzo,,ITA,ME,EUR,2.1,luca.papini@rcs.it ; natalino.ferrari@rcs.it,
4/16/2025,4/16/2025,Ronde van Limburg,,BEL,ME,EUR,1.1,nicolas.denys@flandersclassics.be,www.rondevanlimburg.be
4/16/2025,4/19/2025,Eroica Juniores - Nations' Cup,,ITA,MJ,EUR,2.Ncup,junior@eroica.cc,
4/16/2025,4/20/2025,Tour du Loir et Cher,,FRA,ME,EUR,2.2,tourduloiretcher@wanadoo.fr,www.tourduloiretcher.com
4/18/2025,4/18/2025,Classic Grand Besançon Doubs,,FRA,ME,EUR,1.1,classicgrandbesancon25@gmail.com,http://www.classicgrandbesancondoubs.com
4/18/2025,4/18/2025,De Brabantse Pijl - La Flèche Brabançonne,,BEL,WE,EUR,1.Pro,marc.vettori@rodesportief.be,www.debrabantsepijl.be/nl/dbp/elite-vrouwen
4/18/2025,4/18/2025,De Brabantse Pijl - La Flèche Brabançonne,,BEL,ME,EUR,1.Pro,marc.vettori@rodesportief.be,www.debrabantsepijl.be/nl/dbp/elite-mannen
4/18/2025,4/21/2025,TRIXXO Ster Van Zuid  Limburg,,BEL,MJ,EUR,2.1,info@stervanzuidlimburg.be,www.stervanzuidlimburg.be
4/18/2025,4/27/2025,Tour du Maroc,,MAR,ME,AFR,2.2,frmc56@gmail.com,www.marocainecyclisme.com/
4/19/2025,4/19/2025,Tour du Jura Cycliste,,FRA,ME,EUR,1.1,laurent_monrolin@yahoo.fr,https://www.tourdujura.com/
4/19/2025,4/19/2025,Liège-Bastogne-Liège,,BEL,MU,EUR,1.2U,fernandlambertrlvb@hotmail.com,www.pesantliege.com
4/19/2025,4/20/2025,Penn Ar Bed - Bro An Hirwazh,,FRA,MJ,EUR,2.1,laurent.barbu29@gmail.com,www.copab-cyclisme.com
4/20/2025,4/20/2025,Amstel Gold Race,,NED,ME,UWT,1.UWT,info@amstelgoldrace.nl,www.amstelgoldrace.nl
4/20/2025,4/20/2025,Tour du Doubs,,FRA,ME,EUR,1.1,vcmorteaumontbenoit@orange.fr; fabienvarda@gmail.com,www.vcmm.fr
4/20/2025,4/20/2025,Amstel Gold Race Ladies Edition,,NED,WE,MON,1.WWT,info@amstelgoldrace.nl,www.amstelgoldrace.com
4/21/2025,4/21/2025,Giro del Belvedere,,ITA,MU,EUR,1.2U,teams@probelvedere.it,www.girodelbelvedere.it
4/21/2025,4/21/2025,Ronde de Mouscron,,BEL,WE,EUR,1.1,bourgmestre.aubert@mouscron.be,
4/21/2025,4/21/2025,Gran Premio del Perdono,,ITA,MJ,EUR,1.1,ucsangiulianese@gmail.com,https://granpremioperdono.it/
4/21/2025,4/25/2025,Tour of the Alps,,ITA,ME,EUR,2.Pro,totahaus@gmail.com,www.tourofthealps.eu
4/22/2025,4/22/2025,G.P. Palio del Recioto - Trofeo Zanotti Mobili,,ITA,MU,EUR,1.2U,teams@paliodelrecioto.com,www.paliodelrecioto.com
4/23/2025,4/23/2025,La Flèche Wallonne,,BEL,ME,UWT,1.UWT,tgouvenou@aso.fr,www.letour.fr
4/23/2025,4/23/2025,La Flèche Wallonne Féminine,,BEL,WE,MON,1.WWT,fernandlambertrlvb@hotmail.com,http://www.letour.fr/la-fleche-wallonne-femme/
4/23/2025,4/26/2025,Belgrade Banjaluka,,BIH,ME,EUR,2.2,beogradbanjaluka@gmail.com,srpskacycling.com
4/23/2025,4/27/2025,Road Continental Pan-Am Championships,Punta del Este. Maldonado,URU,,AME,CC,panamericanoruta2025@gmail.com,federacionciclista.com.uy
4/23/2025,4/27/2025,Tour of the Gila,,USA,ME,AME,2.2,brennan5231@comcast.net,www.tourofthegila.com
4/23/2025,4/27/2025,Tour of the Gila Women,,USA,WE,AME,2.2,brennan5231@comcast.net,www.tourofthegila.com
4/24/2025,4/24/2025,Cavaliere Liberazione Junior,,ITA,MJ,EUR,1.1,JUNIORES@GPLIBERAZIONE.IT,www.gpliberazione.it
4/24/2025,4/26/2025,National Road Championships - Zimbabwe,,ZIM,,AFR,CN,secretarygeneral@cyclingzimbabwe.org,www.cyclingzimbabwe.org
4/24/2025,4/27/2025,Vuelta Asturias Julio Alvarez Mendo,,ESP,ME,EUR,2.1,asturias@lavueltaasturias.com,www.lavueltaasturias.com
4/25/2025,4/25/2025,Gran Premio della Liberazione,,ITA,MU,EUR,1.2U,teams@gpliberazione.it,www.gpliberazione.it
4/25/2025,4/25/2025,Gran Premio Della Liberazione Donne,,ITA,WE,EUR,1.1,teams@gpliberazione.it,www.gpliberazione.it
4/25/2025,4/25/2025,Coppa Montes Gran Premio della Resistenza,,ITA,MJ,EUR,1.1,race@coppamontes.eu,www.acpieris.it
4/25/2025,4/27/2025,EPZ Omloop van Borsele,,NED,WJ,EUR,2.Ncup,omloopvanborsele@kpnmail.nl,www.wielercomite-sheerenhoek.nl
4/25/2025,5/1/2025,Le Tour de Bretagne Cycliste,,FRA,ME,EUR,2.2,cfossani@tourdebretagne.bzh,www.tourdebretagne.fr
4/26/2025,4/26/2025,Trofeo Emozione,,ITA,MJ,EUR,1.1,SEGRETERIA@TROFEOEMOZIONE.IT,WWW.TROFEOEMOZIONE.IT
4/26/2025,4/26/2025,EPZ Omloop van Borsele Women,,NED,WE,EUR,1.1,omloopvanborsele@kpnmail.nl,https://wielercomite-sheerenhoek.nl/
4/27/2025,4/27/2025,Rutland-Melton CiCLE Classic,,GBR,ME,EUR,1.2,cicleclassics@gmail.com,www.cicleclassic.co.uk
4/27/2025,4/27/2025,Liège-Bastogne-Liège,,BEL,ME,UWT,1.UWT,tgouvenou@aso.fr,www.letour.fr
4/27/2025,4/27/2025,EPZ Omloop van Borsele,,NED,MJ,EUR,1.1,omloopvanborsele@kpnmail.nl,www.wielercomite-sheerenhoek.nl
4/27/2025,4/27/2025,Giro della Provincia di Biella - Torino-Biella,,ITA,ME,EUR,1.2,ucab1925@libero.it,
4/27/2025,4/27/2025,Liège-Bastogne-Liège Femmes,,BEL,WE,MON,1.WWT,fernandlambertrlvb@hotmail.com,http://www.liege-bastogne-liege-femmes.com/
4/27/2025,4/27/2025,Giro di Primavera,,ITA,MJ,EUR,1.1,sanvendemianocyclingteam@yahoo.com,www.sanvendemianocyclingteam.it
4/27/2025,5/4/2025,Presidential Cycling Tour of Turkiye,,TUR,ME,EUR,2.Pro,info@bisiklet.gov.tr,www.tourofturkey.org.tr
4/28/2025,4/30/2025,Tour of Bostonliq Ladies,,UZB,WE,ASI,2.2,uzbcycling@gmail.com,https://velosport.uz/
4/28/2025,4/30/2025,Tour of Bostonliq,,UZB,ME,ASI,2.2,uzbcycling@gmail.com,https://velosport.uz/
4/28/2025,5/1/2025,Tour of Khazar,,IRI,MJ,ASI,2.1,ircyclingfed@gmail.com,http://www.cfi.ir/
4/28/2025,5/3/2025,Tour du Bénin,,BEN,ME,AFR,2.2,federation229cyclisme@gmail.com,www.fbc.bj
4/29/2025,5/4/2025,Tour de Romandie,,SUI,ME,UWT,2.UWT,info@tourderomandie.ch,www.tourderomandie.ch
4/30/2025,5/4/2025,Cuarta vuelta BANTRAB,,GUA,ME,AME,2.2,aalejosr@yahoo.com,fedeciclismogua.org
5/1/2025,5/1/2025,National Road Championships - Belgium (ITT Junior/U23),,BEL,,EUR,CN,info@belgiancycling.be,
5/1/2025,5/1/2025,Eschborn-Frankfurt U23,,GER,MU,EUR,1.2U,u23@eschborn-frankfurt.de,https://www.eschborn-frankfurt.de/en/home/youthraces/u23-race
5/1/2025,5/1/2025,Eschborn-Frankfurt,,GER,ME,UWT,1.UWT,mpietsch@aso-germany.de,www.eschborn-frankfurt.de
5/1/2025,5/1/2025,Tintrio - Omloop van het Waasland,,BEL,ME,EUR,1.2,bert.haeck@telenet.be,www.stekenekoerst.be/organisaties/omloop-het-waasland
5/1/2025,5/1/2025,Cyclis-Bike-Lease Classic,,BEL,WE,EUR,1.1,eddyvanbunder@gmail.com,
5/1/2025,5/1/2025,GP Vorarlberg p/b Radhaus Rankweil,,AUT,ME,EUR,1.2,organisation@proevent-cycling.at,in process www.team-vorarlberg.at/gp-vorarlberg
5/1/2025,5/4/2025,La Coupe du President de la Ville de Grudziądz,,POL,MJ,EUR,2.1,biuro@alksstal.org,
5/1/2025,5/4/2025,Gracia,,CZE,WE,EUR,2.2,gracia.orlova@centrum.cz,www.graciaorlova.cz
5/2/2025,5/4/2025,National Road Championships - Greece (U23/Junior),,GRE,,EUR,CN,info@eop.cosmotemail.gr,https://hellenic-cycling.gr/
5/2/2025,5/6/2025,Tour de Bloom,,USA,WE,AME,2.2,tdbace@gmail.com,https://www.tourdebloom.com
5/3/2025,5/3/2025,GP Immo Zone/Vloer-en chapewerken Smetryns,,BEL,WE,EUR,1.1,info@dewielkeszuigers.be,www.dewielkeszuigers.be
5/3/2025,5/3/2025,Ronde van Overijssel,,NED,ME,EUR,1.2,info@rondevanoverijssel.nl,www.rondevanoverijssel.nl
5/3/2025,5/3/2025,Grand Prix Herning,,DEN,ME,EUR,1.2,frede@gpherning.dk,www.gpherning.dk
5/3/2025,5/3/2025,Festival Elsy Jacobs à Garnich,,LUX,WE,EUR,1.1,info@elsy-jacobs.lu,www.elsy-jacobs.lu
5/3/2025,5/3/2025,Flèche Ardennaise,,BEL,ME,EUR,1.2,r_col@hotmail.com,www.fleche-ardennaise.be
5/3/2025,5/4/2025,Grand Prix West Bohemia,,CZE,MJ,EUR,2.1,info@gpwb.cz,gpwb.cz
5/4/2025,5/4/2025,Festival Elsy Jacobs à Luxembourg,,LUX,WE,EUR,1.1,info@elsy-jacobs.lu,www.elsy-jacobs.lu
5/4/2025,5/4/2025,Fyn Rundt - Tour of Funen,,DEN,ME,EUR,1.2,clausr@stofanet.dk,FYENRUNDT.COM
5/4/2025,5/4/2025,Lotto Famenne Ardenne Classic,,BEL,ME,EUR,1.1,laurentmars@hotmail.com,www.famenneardenneclassic.be
5/4/2025,5/4/2025,Grand Prix de Cotonou,,BEN,ME,AFR,1.2,federation229cyclisme@gmail.com,www.fbc.bj
5/4/2025,5/4/2025,Tour du Carmausin Segala U19,,FRA,MJ,EUR,1.1,tourcarmausinsegala@gmail.com,www.tourcarmausinsegala.com
5/4/2025,5/10/2025,Vuelta España Femenina by Carrefour.es,,ESP,WE,MON,2.WWT,lavueltafemenina@unipublic.es,lavueltafemenina.es
5/8/2025,5/8/2025,Pointe du Raz Ladies Classic,,FRA,WE,EUR,1.1,pdr.ladiesclassic@gmail.com,
5/8/2025,5/8/2025,Boucles de l'Aulne - Châteaulin,,FRA,ME,EUR,1.1,alain.legouill@yahoo.fr,www.bouclesdelaulne.com
5/8/2025,5/11/2025,Tour de Kumano,,JPN,ME,ASI,2.2,tourde-k@rifnet.or.jp,https://www.tourdekumano.jp/
5/8/2025,5/11/2025,Course de la Paix Juniors,,CZE,MJ,EUR,2.Ncup,svatopluk.henke@zmj.cz,http://zmj.cz
5/9/2025,5/9/2025,Tour du Finistère Pays de Quimper,,FRA,ME,EUR,1.1,tourdufinisterecycliste@orange.fr,www.tourdufinistere.fr
5/9/2025,5/9/2025,La Classique Morbihan,,FRA,WE,EUR,1.1,guy.seveno@gmail.com,www.gpmo.bzh
5/9/2025,5/9/2025,Silesian Classic,,POL,ME,EUR,1.2,silesianclassic@wp.pl,
5/9/2025,6/1/2025,Giro d'Italia,,ITA,ME,UWT,2.UWT,stefano.allocchio@rcs.it,www.giroditalia.it
5/10/2025,5/10/2025,Grand Prix du Morbihan Femmes,,FRA,WE,EUR,1.1,guy.seveno@gmail.com,www.gpmo.bzh
5/10/2025,5/10/2025,Liège-Bastogne-Liège,,BEL,MJ,EUR,1.1,fernandlambertrlvb@hotmail.com,www.pesantliege.com
5/10/2025,5/10/2025,Sundvolden GP,,NOR,ME,EUR,1.2,birger@interspons.no,www.rgp.no
5/10/2025,5/10/2025,Grand Prix du Morbihan,,FRA,ME,EUR,1.Pro,guy.seveno@gmail.com,ww.gpmo.bzh
5/10/2025,5/11/2025,Tour du Gévaudan Occitanie femmes,,FRA,WJ,EUR,2.Ncup,tourdugevaudan@gmail.com,
5/11/2025,5/11/2025,Gent-Wevelgem,,BEL,WJ,EUR,1.1,nicolas.denys@flandersclassics.be,www.gent-wevelgem.be
5/11/2025,5/11/2025,Gran Premio Industrie del Marmo,,ITA,MU,EUR,1.2U,asdfaustocoppicarrara@gmail.com,http://gpm1mc.wordpress.com/
5/11/2025,5/11/2025,Gent-Wevelgem / Kattekoers-Ieper,,BEL,MU,EUR,1.2U,bart.vannieuwenhuyze@telenet.be,www.ieperfietst.be
5/11/2025,5/11/2025,Ringerike GP,,NOR,ME,EUR,1.2,birger@interspons.no,www.rgp.no
5/11/2025,5/11/2025,Radsportfest Märwil,,SUI,ME,EUR,1.2,marcello.albasini@gmx.ch,www.vcbuerglen-maerwil.ch
5/11/2025,5/11/2025,Trofee Maarten Wynants,,BEL,WE,EUR,1.1,timwynants87@gmail.com,www.prochallengehelchteren.be
5/11/2025,5/11/2025,Beskid Classic,,POL,ME,EUR,1.2,silesianclassic@wp.pl,
5/11/2025,5/11/2025,Gent-Wevelgem / Grote Prijs A. Noyelle-Ieper,,BEL,MJ,EUR,1.1,bart.vannieuwenhuyze@telenet.be,www.ieperfietst.be
5/11/2025,5/11/2025,Tro-Bro Léon,,FRA,ME,EUR,1.Pro,tgouvenou@aso.fr,www.letour.fr
5/13/2025,5/13/2025,Classique Dunkerque / Grand prix des Hauts de France,,FRA,ME,EUR,1.Pro,quatrejoursdk@orange.fr; e_marchyllie@orange.fr,www.4joursdedunkerque.com
5/13/2025,5/16/2025,Tour of Sakarya,,TUR,ME,EUR,2.2,info@bisiklet.gov.tr,www.bisiklet.gov.tr
5/14/2025,5/14/2025,Navarra Women's Elite Classic,,ESP,WE,EUR,1.Pro,sergio@vueltanavarra.com,https://womens.vueltanavarra.com/
5/14/2025,5/17/2025,Orlen Nations Grand Prix,,POL,MU,EUR,2.Ncup,SEKRETARIAT@LANGTEAM.COM.PL,www.orlennationsgrandprix.com
5/14/2025,5/18/2025,Tour de Hongrie,,HUN,ME,EUR,2.Pro,info@tdh.hu,www.tdh.hu
5/14/2025,5/18/2025,4 Jours de Dunkerque / Grand Prix des Hauts de France,,FRA,ME,EUR,2.Pro,quatrejoursdk@orange.fr; e-marchyllie@orange.fr,www.4joursdedunkerque.com
5/15/2025,5/18/2025,Tour de Feminin,,CZE,WE,EUR,2.2,info@tourdefeminin.com,https://www.tourdefeminin.com
5/16/2025,5/18/2025,Itzulia Women,,ESP,WE,MON,2.WWT,admon@oceta.eus,
5/17/2025,5/17/2025,ZLM Omloop der Kempen Ladies,,NED,WE,EUR,1.1,teun@omloopderkempen.nl,www.omloopderkempen.nl
5/17/2025,5/17/2025,Eroica Juniores - Coppa Andrea Meneghelli,,ITA,MJ,EUR,1.1,junior@eroica.cc,
5/17/2025,5/17/2025,Giro Himledalen,,SWE,ME,EUR,1.2,peter.larsson@cancano.se,https://girohimledalen.se/
5/17/2025,5/18/2025,Tour de Gironde International,,FRA,MJ,EUR,2.1,usv-c1@orange.fr,www.tgironde.com
5/17/2025,5/18/2025,National Road Championships - Peru,,PER,,AME,CN,atajut@fedepeci.pe; presidencia@fedepeci.pe,www.fedepeci.pe
5/18/2025,5/18/2025,VDL Omloop der Kempen,,NED,ME,EUR,1.2,cedric@omloopderkempen.nl,www.omloopderkempen.nl
5/18/2025,5/18/2025,2025 International Criterium in Sakai,,JPN,ME,ASI,CRTP,info@toj-sakai.co.jp,
5/18/2025,5/18/2025,Rund um Köln,,GER,ME,EUR,1.1,info@rundumkoeln.de,www.rundumkoeln.de
5/18/2025,5/18/2025,Gran Premio New York City,,USA,ME,AME,1.2,support@gfny.com,gfny.com
5/18/2025,5/18/2025,Circuito del Porto - Trofeo Arvedi,,ITA,ME,EUR,1.2,ccc1891@cccremonese1891.com,www.cccremonese1891.com
5/18/2025,5/25/2025,Tour of Japan,,JPN,ME,ASI,2.2,toj.team@gmail.com,www.toj.co.jp/
5/20/2025,5/20/2025,Durango Durango Emakumeen Saria,,ESP,WE,EUR,1.1,info@duranguesa.com ; durangodurango@duranguesa.com,www.duranguesa.com
5/20/2025,5/25/2025,National Road Championships - USA,,USA,,AME,CN,nationalevents@usacycling.org,www.usacycling.org
5/21/2025,5/25/2025,Ronde de l'Isard,,FRA,MU,EUR,2.2U,gsans2111@gmail.com,
5/22/2025,5/25/2025,Tour du Pays de Vaud,,SUI,MJ,EUR,2.Ncup,direction@tpv.ch,www.tpv.ch
5/22/2025,5/25/2025,Vuelta a Burgos Feminas,,ESP,WE,MON,2.WWT,vueltaburgos@diputaciondeburgos.es,www.vueltaburgos.com/feminas
5/23/2025,5/25/2025,Grande Prémio Internacional Beiras e Serra da Estrela,,POR,ME,EUR,2.1,amcb@amcb.pt,https://www.gpbeiraseserradaestrela.pt/
5/23/2025,5/25/2025,SPIE Internationale Junioren Driedaagse,,NED,MJ,EUR,2.1,info@juniorendriedaagse.nl,www.juniorendriedaagse.nl
5/24/2025,5/24/2025,Due Giorni Marchigiana - G.P. Santa Rita,,ITA,MU,EUR,1.2U,cristina@cantarini-mec.it,
5/24/2025,5/25/2025,National Road Championships - Paraguay,,PAR,,AME,CN,"secretaria@fpc,org.py",www.fpc.org.py
5/24/2025,5/25/2025,National Road Championships - Serbia (MU/WU),,SRB,,EUR,CN,office@bss.rs,www.bss.rs
5/25/2025,5/25/2025,Antwerp Port Epic Ladies,,BEL,WE,EUR,1.Pro,secretariaat@karakterkoersen.be; koersgpsg@gmail.com,www.karakterkoersen.be
5/25/2025,5/25/2025,Due Giorni Marchigiana - Trofeo Città di Castelfidardo,,ITA,MU,EUR,1.2U,cristina@cantarini-mec.it,
5/25/2025,5/25/2025,Antwerp Port Epic / Sels Trophy,,BEL,ME,EUR,1.1,secretariaat@karakterkoersen.be,www.karakterkoersen.be
5/25/2025,5/25/2025,Ronde van Vlaanderen,,BEL,MJ,EUR,1.1,brecht.toelen@flandersclassics.be ; bernard.duwyn@skynet.be,www.rondevanvlaanderen.be
5/25/2025,5/25/2025,GP Gorenjska,,SLO,ME,EUR,1.2,kzs@kolesarska-zveza.si,
5/25/2025,5/25/2025,Ronde van Vlaanderen,,BEL,WJ,EUR,1.1,brecht.toelen@flandersclassics.be ; bernard.duwyn@skynet.be,www.rondevanvlaanderen.be
5/26/2025,5/26/2025,National Road Championships - Spain (WU ITT),,ESP,,EUR,CN,alejandromartin@rfec.com,
5/26/2025,5/26/2025,Mercan'Tour Classic Alpes-Maritimes,,FRA,ME,EUR,1.1,clubalpesazur@gmail.com,https://mercantourclassic.com/
5/26/2025,5/30/2025,Cycling Tour of Albania,,ALB,ME,EUR,2.2,info@albcycling.al,www.albcycling.al
5/27/2025,5/31/2025,Tour of Iran (Azarbaijan),,IRI,ME,ASI,2.1,azartourcycling@gmail.com,www.tourofiran.ir
5/28/2025,6/1/2025,Bretagne Ladies Tour,,FRA,WE,EUR,2.1,team@tbfo.bzh,www.tbfo.bzh
5/28/2025,6/1/2025,Flèche du Sud,,LUX,ME,EUR,2.2,vuesch@pt.lu,www.fleche-du-sud.lu
5/28/2025,6/1/2025,Alpes Isère Tour,,FRA,ME,EUR,2.2,m.baup@cotni.fr,www.alpes-isere-tour.com
5/29/2025,5/29/2025,Circuit de Wallonie Dames,,BEL,WE,EUR,1.2,francesco.lapaglia66@gmail.com,www.lecircuitdewallonie.be
5/29/2025,5/29/2025,Circuit de Wallonie,,BEL,ME,EUR,1.1,francesco.lapaglia66@gmail.com,www.lecircuitdewallonie.be
5/29/2025,5/31/2025,Tour of Estonia,,EST,ME,EUR,2.1,tartumaraton@tartumaraton.ee,www.tourofestonia.ee
5/29/2025,6/1/2025,Course de la Paix Grand Prix Jeseníky,,CZE,MU,EUR,2.Ncup,racemanager@czechtour.com; president@czechtour.com,www.zavodmiru.com
5/29/2025,6/1/2025,Oberösterreich Rundfahrt,,AUT,ME,EUR,2.2,office@ooe-radsportverband.at,www.ooe-radsportverband.at
5/29/2025,6/1/2025,Boucles de la Mayenne - Crédit Mutuel,,FRA,ME,EUR,2.Pro,pguesne@bouclesdelamayenne.fr,www.bouclesdelamayenne.fr
5/29/2025,6/1/2025,Tour of Norway,,NOR,ME,EUR,2.Pro,roy@tourofnorway.no,www.tourofnorway.no
5/31/2025,5/31/2025,Ladies Tour of Estonia,,EST,WE,EUR,1.2,tartumaraton@tartumaraton.ee,www.tourofestonia.ee
5/31/2025,6/1/2025,Trophée Centre Morbihan,,FRA,MJ,EUR,2.Ncup,tropheecentremorbihan@orange.fr,www.tropheecentremorbihan.fr
5/31/2025,6/1/2025,Tour of Norway Women,,NOR,WE,EUR,2.1,roy@tourofnorway.no,www.tourofnorway.no
5/31/2025,6/1/2025,Gipuzkoa Klasikoa,,ESP,MJ,EUR,2.1,gtxe@gtxe.eus,www.gtxe.eus
6/1/2025,6/1/2025,Coppa Della Pace - Trofeo Fratelli Anelli,,ITA,MU,EUR,1.2U,pedaleriminese@gmail.com,
6/1/2025,6/1/2025,National Road Championships - Belgium (IRR Junior),,BEL,,EUR,CN,info@belgiancycling.be,
6/1/2025,6/1/2025,Klaipeda Grand Prix,,LTU,ME,EUR,1.2,tour.of.lithuania@gmail.com,http://www.touroflithuania.eu/
6/1/2025,6/8/2025,Vuelta Ciclista a Venezuela,,VEN,ME,AME,2.2,fvciclismove@gmail.com,fvciclismo.net
6/2/2025,6/2/2025,TrofeoAlcide Degasperi,,ITA,ME,EUR,1.2,usauroratrento@gmail.com,www.usaurora.altervista.org
6/2/2025,6/2/2025,CYCLING STARS CRITERIUM,,ITA,ME,EUR,CRTP,info@ucgiorgione.it,www.cyclingstarscriterium.it
6/4/2025,6/8/2025,Tour of Lithuania,,LTU,ME,EUR,2.2,tour.of.lithuania@gmail.com,http://www.touroflithuania.eu/
6/4/2025,6/8/2025,Tour de Gyeongnam,,KOR,ME,ASI,2.2,cycling@sports.or.kr,
6/4/2025,6/8/2025,Tour of Slovenia,,SLO,ME,EUR,2.Pro,office@tourofslovenia.si,www.tourofslovenia.si
6/4/2025,6/15/2025,Tour du Cameroun,,CMR,ME,AFR,2.2,yossihonore@yahoo.fr,fecacyclisme2013@yahoo.fr
6/5/2025,6/8/2025,Tour of Britain Women,,GBR,WE,MON,2.WWT,info@britishcyclingevents.org.uk,britishcycling.org.uk
6/5/2025,6/8/2025,Tour of Malopolska,,POL,ME,EUR,2.2,marek.kosicki@mzkol.pl,WWW.TOUROFMALOPOLSKA.EU
6/5/2025,6/8/2025,Ronde de l'Oise,,FRA,ME,EUR,2.2,michel_birck@live.fr,www.ronde-de-oise.fr
6/6/2025,6/8/2025,Volta Ciclista a Catalunya Femenina,,ESP,WE,EUR,2.1,volta@voltacatalunya.cat,https://voltacatalunyafemenina.cat/
6/7/2025,6/7/2025,La Classique des Alpes Juniors,,FRA,MJ,EUR,1.1,christelle.reille@orange.fr,www.classique-des-alpes.com
6/7/2025,6/7/2025,Heylen Vastgoed Heistse Pijl,,BEL,ME,EUR,1.1,jef@isea.be,www.Heistsepijl.be
6/7/2025,6/8/2025,National Road Championships - Denmark (MU),,DEN,,EUR,CN,jens.kasler@cyklingdanmark.dk,
6/7/2025,6/8/2025,G.P. F.W.R. BARON - Pieve del Grappa - Possagno,,ITA,MJ,EUR,2.Ncup,rinobaronciclismo@gmail.com,
6/7/2025,6/8/2025,National Road Championships - St. Vincent & the Grenadines ,,VIN,,AME,CN,shimanob30@gmail.com,
6/8/2025,6/8/2025,Brussels Cycling Classic,,BEL,ME,EUR,1.Pro,nicolas.denys@flandersclassics.be,www.brusselscyclingclassic.be
6/8/2025,6/8/2025,Alpes Gresivaudan Classic,,FRA,WE,EUR,1.1,m.baup@cotni.fr,www.alpes-gresivaudan-classic.com
6/8/2025,6/8/2025,Dwars door de Westhoek,,BEL,WE,EUR,1.1,wvancauwenberge@hotmail.com,www.dwarsdoordewesthoek.be
6/8/2025,6/9/2025,Côte d'Or Classic Juniors,,FRA,MJ,EUR,2.1,cotedorclassicjuniors@gmail.com,cotedorclassicjuniors.fr
6/8/2025,6/15/2025,Critérium du Dauphiné,,FRA,ME,UWT,2.UWT,tgouvenou@aso.fr,www.letour.fr
6/9/2025,6/9/2025,Paris - Troyes,,FRA,ME,EUR,1.2,florian.morizot@paris-troyes.com,www.paris-troyes.fr
6/9/2025,6/9/2025,GP Mazda Schelkens,,BEL,WE,EUR,1.1,peter.van.hoof@telenet.be,
6/10/2025,6/15/2025,Vuelta a Colombia Femenina,,COL,WE,AME,2.2,PRESIDENCIA@federacioncolombianadeciclismo.com,FEDERACIONCOLOMBIANADECICLISMO.COM
6/11/2025,6/15/2025,ZLM Tour,,NED,ME,EUR,2.1,profcycling@libema.nl,www.zlmtour.nl
6/11/2025,6/15/2025,Tour de Beauce,,CAN,ME,AME,2.2,info@tourdebeauce.com,www.tourdebeauce.com
6/12/2025,6/15/2025,Tour de Suisse Women,,SUI,WE,MON,2.WWT,info@tds.ch,www.tds.ch
6/13/2025,6/13/2025,Grosser Preis des Kantons Aargau,,SUI,ME,EUR,1.1,office@gippingen.ch,www.gippingen.ch
6/13/2025,6/15/2025,Tour Féminin International des Pyrénées,,FRA,WE,EUR,2.1,elisabeth.chevanne@orange.com,https://tfipcyclisme.wixsite.com/tfip
6/14/2025,6/14/2025,Elmos Dwars door het Hageland,,BEL,WE,EUR,1.1,nick.nuyens@procyclingevents.be,www.lottocyclingcup.be
6/14/2025,6/14/2025,Duracell Dwars door het Hageland,,BEL,ME,EUR,1.Pro,nick.nuyens@procyclingevents.be,www.lottocyclingcup.be
6/14/2025,6/14/2025,G.P. Cronosquadre del Solighese - M. O. Merotto Spumanti,,ITA,MJ,EUR,1.1,scsolighetto1919@alice.it,www.scsolighetto1919.it
6/14/2025,6/15/2025,Yellow River Estuary (Dongying) Road Cycling Race,,CHN,ME,ASI,2.2,18897142663@163.com,www.tdql.cn
6/14/2025,6/15/2025,National Road Championships - Bulgaria (WJ),,BUL,,EUR,CN,admin@bgcf.bg,www.bgcf.bg
6/14/2025,6/29/2025,National Road Championships - Slovakia,,SVK,,EUR,CN,jancinka957@gmail.com,www.cyklistikaszc.sk
6/15/2025,6/15/2025,SPAR Flanders Diamond Tour,,BEL,WE,EUR,1.1,info@flandersdiamondtour.be,www.flandersdiamondtour.be
6/15/2025,6/15/2025,Elfstedenronde Brugge,,BEL,ME,EUR,1.1,christophe.impens@golazo.com; jan.nys@golazo.com; jan.baele@golazo.com,www.elfstedenronde.be
6/15/2025,6/15/2025,Trofeo GD Dorigo - M. O. Sogno Veneto,,ITA,MJ,EUR,1.1,scsolighetto1919@alice.it,www.scsolighetto1919.it
6/15/2025,6/22/2025,Tour de Suisse,,SUI,ME,UWT,2.UWT,info@tds.ch,www.tds.ch
6/15/2025,6/22/2025,Giro d'Italia Next Gen,,ITA,MU,EUR,2.2U,luca.papini@rcs.it,www.gironextgen.it
6/15/2025,6/29/2025,National Road Championships - Macedonia,,MKD,,EUR,CN,secretary@cfm.org.mk; office@cfm.org.mk,www.cfm.org.mk
6/17/2025,6/17/2025,CIC - Mont Ventoux,,FRA,ME,EUR,1.Pro,info@denivelechallenges.com,www.cicmontventoux.com
6/17/2025,6/22/2025,Internationale LOTTO Thüringen Ladies Tour,,GER,WE,EUR,2.Pro,info@lottothueringen-ladies-tour.de,www.lottothueringen-ladies-tour.de
6/17/2025,6/22/2025,National Road Championships - Ukraine,,UKR,,EUR,CN,federation@velosport.org.ua,http://www.velosport.org.ua/
6/17/2025,6/22/2025,National Road Championships - Kazakhstan,,KAZ,,ASI,CN,info@cycling.kz,cycling.kz
6/18/2025,6/21/2025,La Route d'Occitanie - CIC,,FRA,ME,EUR,2.1,pcaubin@laroutedoccitanie.fr,https://www.laroutedoccitanie.fr/
6/18/2025,6/22/2025,Baloise Belgium Tour,,BEL,ME,EUR,2.Pro,christophe.impens@golazo.com; jan.nys@golazo.com; jan.baele@golazo.com,www.baloisebelgiumtour.be
6/19/2025,6/20/2025,National Road Championships - Albania,,ALB,,EUR,CN,info@albcycling.al,www.albcycling.al
6/19/2025,6/21/2025,National Road Championships - Kosovo,,KOS,,EUR,CN,kosovacf@yahoo.com,
6/19/2025,6/22/2025,Vuelta Ciclista al Besaya,,ESP,MJ,EUR,2.1,ccbesaya@hotmail.com,www.vueltaalbesaya.com
6/19/2025,6/22/2025,National Road Championships - Bermuda,,BER,,AME,CN,info@bermudabicycle.org,www.bermudaboicycle.bm
6/19/2025,6/22/2025,LVM Saarland Trofeo,,GER,MJ,EUR,2.Ncup,info@trofeo.online,www.trofeo.online
6/20/2025,6/22/2025,National Road Championships - Serbia,,SRB,,EUR,CN,office@bss.rs,www.bss.rs
6/20/2025,6/22/2025,National Road Championships - Portugal,,POR,,EUR,CN,geral@fpciclismo.pt,fpciclismo.pt
6/20/2025,6/22/2025,National Road Championships - Romania,,ROU,,EUR,CN,office@federatiadeciclism.ro,www.federatiadeciclism.ro
6/21/2025,6/21/2025,Campeonato Nacional de Criteriums,Autódromo Pedro Cofiño,GUA,ME,AME,CRT,fciclismo.guatemala@gmail.com,https//fedeciclismogua.org
6/21/2025,6/21/2025,Copenhagen Sprint,,DEN,WE,MON,1.WWT,jesper.tikioeb@cyklingdanmark.dk,copenhagensprint.com
6/21/2025,6/21/2025,National Road Championships - Czechia (MU),,CZE,,EUR,CN,info@ceskysvazcyklistiky.cz,www.ceskysvazcyklistiky.cz
6/21/2025,6/21/2025,National Road Championships - Slovakia (U23),,SVK,,EUR,CN,info@ceskysvazcyklistiky.cz,www.ceskysvazcyklistiky.cz
6/21/2025,6/22/2025,National Road Championships - Hong Kong,,HKG,,ASI,CN,jacob.y@cycling.org.hk / wilfred.wu@cycling.org.hk,www.cycling.org.hk
6/21/2025,6/22/2025,National Road Championships - Singapore,,SIN,,ASI,CN,max.mager@singaporecycling.org.sg,https://singaporecycling.org.sg/
6/21/2025,6/22/2025,National Road Championships - Mauritius,,MRI,,AFR,CN,www.facebook.com/Mauritiuscyclingfederation,
6/21/2025,6/28/2025,National Road Championships - Israel,,ISR,,EUR,CN,neil@israelcycling.org.il,https://israelcycling.org.il/
6/21/2025,6/29/2025,National Road Championships - Japan,,JPN,,ASI,CN,internationalrelations@jcf.or.jp,https://jcf.or.jp
6/21/2025,6/29/2025,National Road Championships - Lithuania,,LTU,,EUR,CN,info@ldsf.lt,www.ldsf.lt
6/21/2025,6/29/2025,National Road Championships - Italy,,ITA,,EUR,CN,strada@federciclismo.it,
6/21/2025,6/29/2025,National Road Championships - Estonia,,EST,,EUR,CN,ejl@ejl.ee,www.ejl.ee
6/22/2025,6/22/2025,Copenhagen Sprint,,DEN,ME,UWT,1.UWT,jesper.tikioeb@cyklingdanmark.dk,copenhagensprint.com
6/22/2025,6/22/2025,Andorra MoraBanc Clàssica,,AND,ME,EUR,1.1,info@viusenselimits.com,andorramorabancclassica.com
6/22/2025,6/27/2025,National Road Championships - Iran,,IRI,,ASI,CN,ircyclingfed@gmail.com,http://www.cfi.ir/
6/22/2025,6/29/2025,National Road Championships - El Salvador,,ESA,,AME,CN,fsdeciclismo@gmail.com,www.fsc.org.sv
6/22/2025,6/29/2025,National Road Championships - Puerto Rico,,PUR,,AME,CN,ismfuente@yahoo.com; fecipur@gmail.com,WWW.FECIPUR.ORG
6/22/2025,6/29/2025,National Road Championships - Belize,,BIZ,,AME,CN,cyclingfederationofbelize@gmail.com,
6/22/2025,6/29/2025,National Road Championships - Guatemala,,GUA,,AME,CN,fciclismo.guatemala@gmail.com,https//fedeciclismogua.org
6/23/2025,6/23/2025,National Road Championships - Cameroun,,CMR,,AFR,CN,fecacyclisme2013@yahoo.fr,
6/24/2025,6/24/2025,Giro dell'Appennino,,ITA,ME,EUR,1.1,segreteria@uspontedecimo.it,www.uspontedecimo.it
6/24/2025,6/24/2025,Giro dell'Appennino Donne Elite,,ITA,WE,EUR,1.2,segreteria@uspontedecimo.it,www.uspontedecimo.it
6/24/2025,6/26/2025,National Road Championships - Uzbekistan,,UZB,,ASI,CN,uzbcycling@gmail.com,www.velosport.uz
6/24/2025,6/29/2025,National Road Championships - Latvia,,LAT,,EUR,CN,toms@lrf.lv,www.lrf.lv
6/25/2025,6/29/2025,National Road Championships - China,,CHN,,ASI,CN,admin@chncycling.com,
6/25/2025,6/29/2025,National Road Championships - Iceland,,ISL,,EUR,CN,hri@hri.is,
6/25/2025,6/29/2025,National Road Championships - Spain,,ESP,,EUR,CN,alejandromartin@rfec.com,www.rfec.com
6/25/2025,6/29/2025,National Road Championships - Cyprus ,,CYP,,EUR,CN,ccf@cytanet.com.cy,cypruscycling.org
6/25/2025,6/29/2025,National Road Championships - Poland,,POL,,EUR,CN,biuro@wlkskrakus.pl,
6/25/2025,6/29/2025,National Road Championships - Luxembourg,,LUX,,EUR,CN,info@fscl.lu,www.fscl.lu
6/26/2025,6/26/2025,National Road Championships - Switzerland (ITT),,SUI,,EUR,CN,praesident@vcsteinmaur.ch,vcsteinmaur.ch
6/26/2025,6/29/2025,National Road Championships - Czechia,,CZE,,EUR,CN,jancinka957@gmail.com,www.ceskysvazcyklistiky.cz
6/26/2025,6/29/2025,National Road Championships - Brazil,,BRA,,AME,CN,www.cbc.esp.br,cbc.esp.br
6/26/2025,6/29/2025,National Road Championships - France ,,FRA,,EUR,CN,a.fourez@ffc.fr,
6/26/2025,6/29/2025,National Road Championships - Norway,,NOR,,EUR,CN,cato.karbol@sykling.no,www.sykling.no
6/26/2025,6/29/2025,National Road Championships - Turkiye,,TUR,,EUR,CN,info@bisiklet.gov.tr,www.bisiklet.gov.tr
6/26/2025,6/29/2025,National Road Championships - Dominican Republic,,DOM,,AME,CN,fdom.ciclismo@gmail.com,
6/26/2025,6/29/2025,National Road Championships - Indonesia,,INA,,ASI,CN,contact@icf.id,icf.id
6/26/2025,6/29/2025,National Road Championships - Great Britain,,GBR,,EUR,CN,road@britishcycling.org.uk,www.britishcycling.org.uk
6/26/2025,6/29/2025,National Road Championships Slovenije,,SLO,,EUR,CN,kzs@kolesarska-zveza.si,
6/26/2025,6/29/2025,National Road Championships - Ireland,,IRL,,EUR,CN,aaron.johnston@cyclingireland.ie,www.cyclingireland.ie
6/26/2025,6/29/2025,National Road Championships - Venezuela,,VEN,,AME,CN,fvciclismove@gmail.com,fvciclismo.net
6/27/2025,6/28/2025,National Road Championships - Jordan,,JOR,,ASI,CN,Ammarsat@gmail.com,NA
6/27/2025,6/29/2025,National Road Championships - Denmark,,DEN,,EUR,CN,jens.kasler@cyklingdanmark.dk,
6/27/2025,6/29/2025,National Road Championships - Eritrea,,ERI,,AFR,CN,ncefa1935@gmail.com,
6/27/2025,6/29/2025,BESTRONICS Acht van Bladel,,NED,MJ,EUR,2.1,teams@achtvanbladel.nl,www.achtvanbladel.nl
6/27/2025,6/29/2025,National Road Championships - Canada,,CAN,,AME,CN,info@tourdebeauce.com,tourdebeauce.com
6/27/2025,6/29/2025,National Road Championships - Bulgaria,,BUL,,EUR,CN,admin@bgcf.bg,www.bgcf.bg
6/27/2025,6/29/2025,National Road Championships - Greece,,GRE,,EUR,CN,eopbike@otenet.gr,
6/27/2025,6/29/2025,National Road Championships - Belgium,,BEL,,EUR,CN,info@belgiancycling.be,www.belgiancycling.be
6/28/2025,6/29/2025,National Road Championships - Cayman,,CAY,,AME,CN,info@caymancycling.ky,caymancycling.ky
6/28/2025,6/29/2025,National Road Championships - Honduras,,HON,,AME,CN,freddydiaz@probikeshn.com,
6/28/2025,6/29/2025,National Road Championships - Jamaica,,JAM,,AME,CN,jcfsecretary.info@gmail.com,www.jamaicacycling.com
6/28/2025,6/29/2025,National Road Championships - Antigua and Barbuda,,ANT,,AME,CN,info@antiguacycling.com,
6/28/2025,6/29/2025,National Road Championships - Rwanda,,RWA,,AFR,CN,ferwacy@yahoo.fr,https://ferwacy.rw
6/28/2025,6/29/2025,National Road Championships - Bosnia and Herzegovina,,BIH,,EUR,CN,office@bisabih.ba,www.bisabih.ba
6/28/2025,6/29/2025,National Road Championships - British Virgin Islands,,IVB,,AME,CN,danddmark@surfbvi.com,www.bvicycling.com
6/28/2025,6/29/2025,National Road Championships - Switzerland (IRR),,SUI,,EUR,CN,radsm2025@gmail.com,https://www.vcfischingen.ch/
6/28/2025,6/29/2025,National Road Championships - Sao Tomé and Príncipe,,STP,,AFR,CN,fscstp@gmail.com,
6/28/2025,6/29/2025,National Road Championships - Laos,,LAO,,ASI,CN,laoscycling@gmail.com,
6/28/2025,6/29/2025,National Road Championships - Cape Verde,,CPV,,AFR,CN,federacaocc@gmail.com,www.federacaocc.cv
6/28/2025,7/1/2025,National Road Championships - Sweden,,SWE,,EUR,CN,goranmattsson.uck@hotmail.com,https://upsalack.se
6/29/2025,6/29/2025,Classic Région Sud U19 - Montagne de Lure,,FRA,MJ,EUR,1.1,ffcregionsud@gmail.com,
6/30/2025,6/30/2025,Classic Région Sud U19 - Hautes-Alpes - Super Dévoluy,,FRA,MJ,EUR,1.1,sven.calus@live.be,www.ffcpaca.fr
7/1/2025,7/1/2025,Trofeo Città di Brescia - Mem. Rino Fiori,,ITA,ME,EUR,1.2,iab@roda.it; renatomoreschi717@gmail.com,www.gscittadibrescia.it
7/2/2025,7/5/2025,Course Cycliste de Solidarnosc et des Champions Olympiques,,POL,ME,EUR,2.2,wyscig@solidarnosc.lodz.pl,www.wyscig.com.pl
7/2/2025,7/6/2025,Volta a Portugal Feminina,,POR,WE,EUR,2.2,geral@fpciclismo.pt,fpciclismo.pt
7/3/2025,7/6/2025,Sint Martinusprijs Kontich,,BEL,MJ,EUR,2.1,info@actkontich.be,www.actkontich.be
7/3/2025,7/6/2025,Sibiu Cycling Tour,,ROU,ME,EUR,2.1,ciclism@sibiu.ro,https://ciclism.sibiu.ro
7/5/2025,7/5/2025,Kirchheimer Radsportnacht,Kirchheim unter Teck,GER,ME,EUR,CRTP,benkert.marc@gmail.com,https://www.passione-bici.de/
7/5/2025,7/5/2025,GP Général Patton,,LUX,MJ,EUR,1.1,info@skodatour.lu,www.skodatour.lu
7/5/2025,7/5/2025,Grand Prix Kahramanmaraş,,TUR,ME,EUR,1.2,info@bisiklet.gov.tr,www.bisiklet.gov.tr
7/5/2025,7/27/2025,Tour de France,,FRA,ME,UWT,2.UWT,tgouvenou@aso.fr,www.letour.fr
7/6/2025,7/6/2025,National Road Championships - Luxembourg (MU/WU),,LUX,,EUR,CN,office@radsportverband.at,http://www.radsportverband.at/
7/6/2025,7/6/2025,Grand Prix Edebiyat Yolu,,TUR,ME,EUR,1.2,info@bisiklet.gov.tr,www.bisiklet.gov.tr
7/6/2025,7/6/2025,National Road Championships - Guam (ITT),,GUM,,AME,CN,info@guamcycling.com,
7/6/2025,7/6/2025,Menen Kemmel Menen,,BEL,MJ,EUR,1.1,kwscmenen8930@gmail.com,www.kwsc-menen.be
7/6/2025,7/6/2025,Giro del Medio Brenta,,ITA,ME,EUR,1.2,info@studiomichielon.it,
7/6/2025,7/6/2025,Grand Prix International de la ville de Nogent-sur-Oise,,FRA,ME,EUR,1.2,ccnogentsuroise60@orange.fr,
7/6/2025,7/6/2025,Midden-Brabant Poort Omloop,,NED,ME,EUR,1.2,organisatie@wielerweekendgilze.nl,www.wielerweekendgilze.nl
7/6/2025,7/6/2025,Grand Prix de Luxembourg,,LUX,MJ,EUR,1.1,info@skodatour.lu,www.skodatour.lu
7/6/2025,7/6/2025,Argenta Classic - Deurne,,BEL,WE,EUR,1.1,info@rabc1882.be,https://www.argentaclassic.be/
7/6/2025,7/6/2025,BW Classic,,BEL,ME,EUR,1.2,christophe.brandt@trworg.be; wendy.dessauvages@trworg.be,www.sdworxbwclassic.be
7/6/2025,7/13/2025,Giro d'Italia Women,,ITA,WE,MON,2.WWT,giusy.virelli@rcs.it,
7/6/2025,7/13/2025,Tour of Magnificent Qinghai,,CHN,ME,ASI,2.Pro,tdql_2015@sina.cn,www.tdql.cn
7/9/2025,7/9/2025,Global Relay Gastown Grand Prix,"Gastown, Vancouver, BC",CAN,WE,AME,CRT,susie.ernsting@m1sportsmanagement.com,https://globalrelayggp.org/
7/9/2025,7/9/2025,Global Relay Gastown Grand Prix,"Gastown, Vancouver, BC",CAN,ME,AME,CRT,susie.ernsting@m1sportsmanagement.com,https://globalrelayggp.org/
7/9/2025,7/13/2025,Tour of Austria,,AUT,ME,EUR,2.1,office@tourofaustria.com,www.tourofaustria.com
7/10/2025,7/13/2025,GP Internacional Torres Vedras - Trofeu Joaquim Agostinho,,POR,ME,EUR,2.2,udo@udo.pt,www.udo.pt
7/10/2025,7/13/2025,Tour of Ankara,,TUR,ME,EUR,2.2,info@bisiklet.gov.tr,www.bisiklet.gov.tr
7/10/2025,7/14/2025,Ain Bugey Valromey Tour,,FRA,MJ,EUR,2.1,jm.vivier@tvo.bike,http://www.tvo.bike
7/11/2025,7/11/2025,Grand Prix Valromey Tour Féminin,,FRA,WJ,EUR,1.1,jm.vivier@tvo.bike,
7/11/2025,7/14/2025,Tour de l'Abitibi Féminin,,CAN,WJ,AME,2.Ncup,direction@tourabtibi.qc.ca,www.tourabitibi.qc.ca
7/12/2025,7/12/2025,Visegrad 4 Kerekparverseny,,HUN,ME,EUR,1.2,mozgasegeszsegrekreacio@gmail.com,https://v4kerekparverseny.hu
7/12/2025,7/12/2025,Respect Ladies Race Slovakia,,SVK,WE,EUR,1.2,zilovec@respect-slovakia.sk,www.cyklistikaszc.sk
7/13/2025,7/13/2025,Visegrad 4 Bicycle Race - GP Slovakia,,SVK,ME,EUR,1.2,zilovec@respect-slovakia.sk,www.cyklistikaszc.sk
7/13/2025,7/13/2025,Grote Prijs CHW Beveren,,BEL,WE,EUR,1.2,william.vettenburg@telenet.be,
7/13/2025,7/13/2025,Grand Prix Valromey Tour Féminin II,,FRA,WJ,EUR,1.1,jm.vivier@tvo.bike,
7/13/2025,7/13/2025,The Road Race Tokyo Tama,,JPN,ME,ASI,1.2,info@trrtokyo.jp,https://www.the-roadrace-tokyo.jp
7/15/2025,7/20/2025,Tour de l'Abitibi,,CAN,MJ,AME,2.Ncup,direction@tourabtibi.qc.ca,www.tourabitibi.qc.ca
7/16/2025,7/20/2025,Giro Ciclistico della Valle d'Aosta - Mont Blanc,,ITA,MU,EUR,2.2U,segreteria@girovalledaosta.it,www.girovalledaosta.it
7/16/2025,7/20/2025,Baloise Ladies Tour,,BEL,WE,EUR,2.1,glssport@telenet.be,www.baloiseladiestour.com
7/18/2025,7/20/2025,Medzinárodné dni Cyklistiky,,SVK,MJ,EUR,2.Ncup,balaztomas76@gmail.com,www.cyklistikaszc.sk
7/18/2025,7/20/2025,La Sportbreizh U19,,FRA,MJ,EUR,2.1,thibault@sportbreizh.com,www.lasportbreizh.sportbreizh.com
7/19/2025,7/19/2025,Visegrad 4 Bicycle Race - GP Czech Republic,,CZE,ME,EUR,1.2,info@ceskysvazcyklistiky.cz,www.ceskysvazcyklistiky.cz
7/19/2025,7/19/2025,La Périgord Ladies,,FRA,WE,EUR,1.1,tourdulimousin@wanadoo.fr,www.tourdulimousin.com
7/20/2025,7/20/2025,Visegrad 4 Bicycle Race Grand Prix Poland,,POL,ME,EUR,1.2,dzkol@dzkol.eu,
7/20/2025,7/20/2025,La Picto - Charentaise,,FRA,WE,EUR,1.1,poitoucharentesanimation@orange.fr,www.tour-poitou-charentes.com
7/21/2025,7/21/2025,Clásica Terres de l´Ebre,,ESP,ME,EUR,1.1,joaquin@deporinter.es,
7/21/2025,7/26/2025,National Road Championships - Vietnam (Junior/U23),,VIE,,ASI,CN,vncycling@yahoo.com,
7/22/2025,7/22/2025,Memoriał Andrzeja Trochanowskiego,,POL,ME,EUR,1.2,mazoviateam@interia.pl,
7/23/2025,7/23/2025,Classique des Cannes,,MRI,ME,AFR,1.2,amcyclisme@intnet.mu; fmcyclisme@myt.mu,www.facebook.com/Mauritiuscyclingfederation
7/23/2025,7/26/2025,Dookoła Mazowsza,,POL,ME,EUR,2.2,mazoviateam@interia.pl,
7/25/2025,7/25/2025,Prueba Villafranca - Ordiziako Klasika,Prueba Villafranca - Ordiziako Klasika,ESP,ME,EUR,1.1,info@ordiziakoklasikoa.com; teams@ordiziakoklasikoa.com,www.ordiziakoklasikoa.com
7/25/2025,7/27/2025,Junioren Rundfahrt,,AUT,MJ,EUR,2.1,office@ooe-radsportverband.at,www.ooe-radsportverband.at
7/25/2025,7/27/2025,Watersley Junior Challenge,,NED,MJ,EUR,2.1,info@watersley-topsports.com,www.watersley.com
7/25/2025,7/27/2025,Watersley Ladies Challenge,,NED,WJ,EUR,2.Ncup,info@watersley-topsports.com,www.watersley.com
7/25/2025,7/27/2025,Princess Anna Vasa Tour,,POL,WE,EUR,2.2,info@pavtour.eu,https://pavtour.eu
7/26/2025,7/30/2025,Ethias-Tour de Wallonie,,BEL,ME,EUR,2.Pro,christophe.brandt@trworg.be; wendy.dessauvages@trworg.be,www.trworg.be
7/26/2025,8/3/2025,Tour de France Femmes avec Zwift,,FRA,WE,MON,2.WWT,tgouvenou@aso.fr,letourfemmes.fr
7/27/2025,7/27/2025,Vuelta a Castilla y Leon,,ESP,ME,EUR,1.1,clubciclistacadalsa@outlook.com,www.vueltacastillayleon.es
7/27/2025,7/27/2025,Puchar MON,,POL,ME,EUR,1.2,mazoviateam@interia.pl,
7/27/2025,7/27/2025,National Road Championships - Belgium (MU - IRR),,BEL,,EUR,CN,info@belgiancycling.be,
7/27/2025,7/27/2025,"Gran Premio ""Sportivi Loria""",,ITA,MJ,EUR,1.1,ucloria.05@gmail.com,
7/28/2025,7/31/2025,Tour de Banyuwangi Ijen,,INA,ME,ASI,2.2,disporabanyuwangikab@gmail.com,banyuwangikab.go.id
7/30/2025,7/30/2025,Trofee van Vlaanderen,,BEL,MJ,EUR,1.1,info@wielerclubbergdal.be,www.wielerclubbergdal.be
7/30/2025,8/3/2025,Tour Alsace,,FRA,ME,EUR,2.2,claude.deschaseaux9@orange.fr,www.touralsace.fr
7/31/2025,7/31/2025,Critérium International d'après Tour de France de Dijon,,FRA,ME,EUR,CRTP,contact@scodijon.fr,www.scodijon.fr
8/1/2025,8/1/2025,Ronde d'Aix,Cours Mirabeau à Aix en Provence,FRA,ME,EUR,CRTP,avcaix@gmail.com,avcaix.com
8/1/2025,8/1/2025,Schmitter Nacht von Hürth,,GER,ME,EUR,CRTP,rlippok@komet-delia.de,
8/1/2025,8/10/2025,Vuelta a Colombia,,COL,ME,AME,2.2,PRESIDENCIA@FEDERACIONCOLOMBIANADECICLISMO.COM,WWW.FEDERACIONCOLOMBIANADECICLISMO.COM
8/1/2025,8/10/2025,Tour Cycliste International de la Guadeloupe,,FRA,ME,EUR,2.2,crcg-compta@outlook.com,www.guadeloupecyclisme.com
8/2/2025,8/2/2025,Criterium Cycliste International du Grand Dole Colruyt,DOLE,FRA,ME,EUR,CRTP,pascal.mergey@orange.fr,https://www.criteriumcyclisteinternationaldugranddole.com/
8/2/2025,8/2/2025,Donostia San Sebastian Klasikoa,,ESP,ME,UWT,1.UWT,admon@oceta.eus,www.klasikoa.eus
8/2/2025,8/3/2025,National Road Championships - Portugal (Junior),,POR,,EUR,CN,geral@fpciclismo.pt,
8/2/2025,8/4/2025,Kreiz Breizh Elites,,FRA,ME,EUR,2.2,presidence@sitekbe.com,www.sitekbe.com
8/3/2025,8/3/2025,National Criterium Championships - Puerto Rico,"Vega Baja, Puerto Rico",PUR,WE,AME,CRT,ismfuente@yahoo.com; fecipur@gmail.com,https://ciclismopr.org/
8/3/2025,8/3/2025,National Criterium Championships - Puerto Rico,,PUR,ME,AME,CRT,ismfuente@yahoo.com; fecipur@gmail.com,https://ciclismopr.org/
8/3/2025,8/3/2025,Circuito de Getxo - Memorial Hermanos Otxoa,,ESP,ME,EUR,1.1,puntagalea@puntagalea.com,www.puntagalea.com
8/3/2025,8/3/2025,6ème Tour PMA Critérium Professionnel,Etupes - France (25),FRA,ME,EUR,CRTP,ccetupes@ccetupes.net,www.ccetupes.com
8/3/2025,8/3/2025,National Road Championships - Guam (IRR),,GUM,,AME,CN,info@guamcycling.com,
8/4/2025,8/4/2025,Critérium de Colmar,Colmar,FRA,ME,EUR,CRTP,criteriumdecolmar@gmail.com,https://www.criteriumdecolmar.fr/
8/4/2025,8/10/2025,Tour de Pologne,,POL,ME,UWT,2.UWT,sekretariat@langteam.com.pl,www.tourdepologne.pl
8/5/2025,8/5/2025,Critérium Cycliste Professionnel de Saint Seurin sur l'Isle,Saint Seurin sur l'Isle,FRA,ME,EUR,CRTP,x.poujol.criterium@gmail.com,https://www.googlehttps://www.criterium-pro-saintseurinsurlisle.com
8/5/2025,8/9/2025,Vuelta a Burgos,,ESP,ME,EUR,2.Pro,vueltaburgos@diputaciondeburgos.es,www.vueltaburgos.es
8/6/2025,8/6/2025,Critérium International Marcoles en Chataigneraie souvenir Lucien Cantournet,,FRA,ME,EUR,CRTP,yannick.cantournet1@wanadoo.fr,www.criterium-marcoles.com
8/6/2025,8/8/2025,Tour de l'Ain,,FRA,ME,EUR,2.1,pcolliou@tourdelain.com,www.tourdelain.com
8/6/2025,8/9/2025,Tour of Szeklerland,,ROU,ME,EUR,2.2,cycling@novakgroup.ro,https://tourofszeklerland.ro/
8/6/2025,8/10/2025,National Road Championships - France (Junior/U23),,FRA,,EUR,CN,jbpeytavit.ffc@gmail.com,
8/7/2025,8/7/2025,Criterium Professionnel Avermes Portes de l'Allier Mewa,Avermes,FRA,ME,EUR,CRTP,yanick.gondoux@orange.fr,bourbonnais-cyclisme-sport-organisation.com
8/7/2025,8/10/2025,Arctic Race of Norway,,NOR,ME,EUR,2.Pro,ked@arctic-race.no,www.arctic-race.com
8/8/2025,8/8/2025,Criterium Arc-en-Ciel Saint-Amand-Montrond,SAINT-AMAND-MONTROND,FRA,ME,EUR,CRTP,benoit.maugrion@agence-panenka.com,https://www.criterium-arc-en-ciel.com/
8/8/2025,8/10/2025,Aubel-Thimister-Stavelot,,BEL,MJ,EUR,2.1,r_col@hotmail.com,www.fleche-ardennaise.be
8/9/2025,8/9/2025,Criterium Cycliste Professionnel Dun Le Palestel,DUN-LE-PALESTEL,FRA,ME,EUR,CRTP,marie-france.delouis@wanadoo.fr,www.criteriumdun.fr
8/10/2025,8/10/2025,Gran Premio Sportivi di Poggiana-Trofeo Bonin Costruzioni,,ITA,MU,EUR,1.2U,asolobikepoggiana@gmail.com,www.gppoggiana.net
8/12/2025,8/14/2025,Tour de Pologne Women,,POL,WE,EUR,2.1,SEKRETARIAT@LANGTEAM.COM.PL,www.tourdepologne.pl
8/12/2025,8/15/2025,Tour de Maurice,,MRI,ME,AFR,2.2,"amcyclisme@intnet.mu, fmcyclismemyt.mu",FACEBOOK PAGE
8/12/2025,8/16/2025,PostNord Tour of Denmark,,DEN,ME,EUR,2.Pro,jesper.tikioeb@cyklingdanmark.dk,www.postnorddanmarkrundt.dk
8/14/2025,8/15/2025,Bizkaikoloreak,,ESP,WJ,EUR,2.Ncup,txirringan@euskalnet.net,https://www.facebook.com/bizkaikoloreak/
8/14/2025,8/15/2025,Nation's Cup Hungary,,HUN,MJ,EUR,2.Ncup,mozgasegeszsegrekreacio@gmail.com,https://ncuphungary.com/
8/14/2025,8/17/2025,Czech Tour,,CZE,ME,EUR,2.1,racemanager@czechtour.com; president@czechtour.com,www.czechtour.com
8/15/2025,8/15/2025,Circuit Franco-Belge,,BEL,ME,EUR,1.Pro,baeghephilippe52@gmail.com,www.eurometropoletour.com
8/15/2025,8/15/2025,Grote Prijs Yvonne Reynders,,BEL,WE,EUR,1.1,info@gpyvonnereynders.be,www.gpyvonnereynders.be
8/15/2025,8/17/2025,Tour de Romandie Féminin,,SUI,WE,MON,2.WWT,info@tourderomandie.ch,www.tdrfeminin.ch
8/16/2025,8/16/2025,GP Capodarco Comunita Di Capodarco,,ITA,MU,EUR,1.2U,adriano@gpcapodarco.net,www.gpcapodarco.net
8/16/2025,8/16/2025,Memorial Henryka Łasaka,,POL,ME,EUR,1.2,wyscig.lasaka@gmail.com,memoriallasaka.pl
8/16/2025,8/17/2025,La Ronde Des Vallées,,FRA,MJ,EUR,2.1,jy.mahoudo@orange.fr,
8/17/2025,8/17/2025,La Polynormande,,FRA,ME,EUR,1.1,polynormande@gmail.com; gmorel35@outlook.fr,www.polynormande.com
8/17/2025,8/17/2025,ADAC Cyclassics,,GER,ME,UWT,1.UWT,mpietsch@aso-germany.de,www.cyclassics-hamburg.de
8/17/2025,8/17/2025,Classique of Mauritius,,MRI,ME,AFR,1.2,amcyclisme@intnet.mu; fmcyclisme@myt.mu,FACEBOOK PAGE
8/17/2025,8/17/2025,Memoriał Jana Magiery,,POL,ME,EUR,1.2,wyscig.lasaka@gmail.com,memoriallasaka.pl
8/19/2025,8/19/2025,Egmont Cycling Race Women,,BEL,WE,EUR,1.2,jogosseye@belgacom.net,www.egmontcyclingrace.be
8/19/2025,8/22/2025,Tour du Limousin-Périgord - Nouvelle Aquitaine,,FRA,ME,EUR,2.1,tourdulimousin@wanadoo.fr,www.tourdulimousin.com
8/20/2025,8/24/2025,Renewi Tour,,BEL,ME,UWT,2.UWT,info@golazo.com,www.renewitour.com
8/20/2025,8/24/2025,Lidl Deutschland Tour,,GER,ME,EUR,2.Pro,mpietsch@aso-germany.de,www.deutschland-tour.com
8/21/2025,8/21/2025,GP Lucien Van Impe,,BEL,WE,EUR,1.1,jeroendesmet88@hotmail.com,www.gplucienvanimpe.be
8/21/2025,8/24/2025,West Bohemia Tour,,CZE,MU,EUR,2.2U,info@westbohemiatour.com,www.westbohemiatour.com
8/21/2025,8/24/2025,Baltic Chain Tour,,EST,ME,EUR,2.2,info@proklubi.ee,www.balticchaintour.com
8/21/2025,8/25/2025,Trans-Himalaya Cycling Race,,CHN,ME,ASI,2.1,admin@chncycling.com;transhimalayarace@163.com,http://cycling.sport.org.cn/
8/22/2025,8/22/2025,Konvert Koerse,,BEL,WE,EUR,1.1,alexander@beyaertprinting.be,www.kortrijkkoerse.be
8/22/2025,8/24/2025,Vuelta Junior a la Ribera del Duero,,ESP,MJ,EUR,2.1,deportes@arandadeduero.es,
8/23/2025,8/24/2025,Boucles de l'Oise Juniors,,FRA,MJ,EUR,2.1,jlgillet.animations@orange.fr,bouclesdeloise.com
8/23/2025,8/30/2025,Tour de l'Avenir,,FRA,MU,EUR,2.Ncup,philippe.colliou@tourdelavenir.com,www.tourdelavenir.com
8/23/2025,8/30/2025,Tour de l'Avenir Femmes,,FRA,WU,EUR,2.2U,philippe.colliou@tourdelavenir.com,www.tourdelavenir.com
8/23/2025,9/14/2025,La Vuelta Ciclista a España,,ESP,ME,UWT,2.UWT,info@unipublic.es,lavuelta.com
8/24/2025,8/24/2025,Grand Prix Çankiri,,TUR,ME,EUR,1.2,info@bisiklet.gov.tr,www.bisiklet.gov.tr
8/24/2025,8/24/2025,Critérium de Bretagne,Javené,FRA,ME,EUR,CRTP,mic35300@gmail.com,
8/26/2025,8/29/2025,Tour Poitou - Charentes en Nouvelle Aquitaine,,FRA,ME,EUR,2.1,poitoucharentesanimation@orange.fr,www.tour-poitou-charentes.com
8/27/2025,8/27/2025,Druivenkoers - Overijse ,,BEL,MJ,EUR,1.1,de.sportvrienden@gmail.com,www.desportvriendenoverijse.be
8/27/2025,8/27/2025,Druivenkoers - Overijse WJ,,BEL,WJ,EUR,1.1,de.sportvrienden@gmail.com,www.desportvriendenoverijse.be
8/27/2025,8/27/2025,Muur Classic Geraardsbergen,,BEL,ME,EUR,1.1,muurclassic@geraardsbergen.be,www.muurclassic.be
8/27/2025,8/30/2025,Tour of Route Salvation,,TUR,ME,EUR,2.2,info@bisiklet.gov.tr,www.bisiklet.gov.tr
8/28/2025,8/28/2025,Kreiz Breizh Elites Féminin,,FRA,WE,EUR,1.1,presidence@sitekbe.com,www.sitekbe.com
8/29/2025,8/29/2025,GP Plouay Junior Men,,FRA,MJ,EUR,1.1,damienchemille@hotmail.com,www.pco.bzh
8/29/2025,8/29/2025,La Ronde des Sources,,FRA,ME,EUR,CRTP,contact@larondedessources.fr,larondedessources.fr
8/30/2025,8/30/2025,Classic Lorient Agglomération - CERATIZIT,,FRA,WE,MON,1.WWT,damienchemille@hotmail.com,www.pco.bzh
8/30/2025,8/30/2025,Trofeo Comune di Vertova - Memorial Pietro Merelli,,ITA,MJ,EUR,1.1,un.ci.sanmarco@gmail.com,www.sanmarcovertova.it
8/30/2025,8/30/2025,Grand Prix CERATIZIT Women Junior,,FRA,WJ,EUR,1.1,damienchemille@hotmail.com,www.pco.bzh
8/30/2025,8/30/2025,Slag om Norg,,NED,ME,EUR,1.2,thijs.rondhuis@gmail.com,https://courage-events.nl
8/30/2025,8/31/2025,National Road Championships - Peru (Junior),,PER,,AME,CN,atajut@fedepeci.pe; presidencia@fedepeci.pe,www.fedepeci.pe
8/30/2025,9/4/2025,Tour of Bulgaria,,BUL,ME,EUR,2.2,contact@bgcf.bg,www.bgcf.bg
8/31/2025,8/31/2025,Grote Prijs Stad Halle,,BEL,ME,EUR,1.2,freddyvandercammen11@gmail.com,www.gphalle.be
8/31/2025,8/31/2025,Trofeo Emilio Paganessi,,ITA,MJ,EUR,1.1,un.ci.sanmarco@gmail.com,www.sanmarcovertova.it
8/31/2025,8/31/2025,Grand Prix de Plouay,,FRA,ME,EUR,1.2,damienchemille@hotmail.com,www.pco.bzh
8/31/2025,8/31/2025,La Route des Géants,,BEL,MJ,EUR,1.1,bart.vannieuwenhuyze@telenet.be,www.ieperfietst.be
8/31/2025,8/31/2025,Bretagne Classic - Ouest-France,,FRA,ME,UWT,1.UWT,damienchemille@hotmail.com; tranvaux.jean-yves@wanadoo.fr,www.pco.bzh
8/31/2025,8/31/2025,GP Kranj,,SLO,ME,EUR,1.2,kksava@siol.net,www.kklub-sava.si
8/31/2025,8/31/2025,Grand Prix de la Somme Conseil Départemental 80,,FRA,ME,EUR,1.2,hubertlouvet@wanadoo.fr; contact@promotion-sport-picardie.com,www.promotion-sport-picardie.com
8/31/2025,8/31/2025,Ronde van de Achterhoek,,NED,ME,EUR,1.2,info@rondevandeachterhoek.nl,www.rondevandeachterhoek.nl
9/1/2025,9/5/2025,Tour de DMZ,,KOR,MJ,ASI,2.Ncup,tourdedmz@sports.or.kr,http://www.tourdedmz.or.kr/
9/2/2025,9/7/2025,Lloyds Bank Tour of Britain Men,,GBR,ME,EUR,2.Pro,info@britishcyclingevents.org.uk,
9/2/2025,9/7/2025,Simac Ladies Tour,,NED,WE,MON,2.WWT,thijs.rondhuis@courage-events.nl,simacladiestour.nl
9/4/2025,9/6/2025,Flanders Tomorrow Tour,,BEL,MU,EUR,2.2U,info@bredenekoksijdeclassic.be,http://www.bredenekoksijdeclassic.be
9/4/2025,9/6/2025,Tour of Kosovo,,KOS,ME,EUR,2.2,kosovacf@yahoo.com,
9/4/2025,9/7/2025,Giro della Regione Friuli Venezia Giulia,,ITA,ME,EUR,2.2,libertasceresetto@gmail.com,www.libertasceresetto.com
9/4/2025,9/7/2025,Premondiale Giro Toscana Int. Femminile - Memorial Michela Fanini,,ITA,WE,EUR,2.2,info@michelafanini.com,www.michelafanini.com
9/4/2025,9/7/2025,Okolo jižních Čech / Tour of South Bohemia,,CZE,ME,EUR,2.2,info@okolojiznichcech.cz,http://www.okolojiznichcech.cz/
9/4/2025,9/7/2025,Giro Della Lunigiana,,ITA,MJ,EUR,2.1,michyricci@hotmail.com,www.girodellalunigiana.org
9/4/2025,9/7/2025,Tour of İstanbul,,TUR,ME,EUR,2.1,info@tourofistanbul.com.tr; info@bisiklet.gov.tr,www.bisiklet.gov.tr
9/5/2025,9/7/2025,Grand Prix Rüebliland,,SUI,MJ,EUR,2.1,sekretariat@gp-ruebliland.ch,www.gp-ruebliland.ch
9/5/2025,9/7/2025,Vuelta a Cantabria - GP. Gobierno de Cantabria,,ESP,MJ,EUR,2.1,info@sportpublic.com,www.vueltacantabria.es
9/6/2025,9/6/2025,Maryland Cycling Classic,,USA,ME,AME,1.Pro,info@marylandcyclingclassic.us,marylandcyclingclassic.com
9/6/2025,9/6/2025,Maryland Cycling Classic Women,,USA,WE,AME,1.1,bob@sportcorpmaryland.us,www.marylandcyclingclassic.us
9/7/2025,9/7/2025,GP Industria & Artigianato,,ITA,ME,EUR,1.Pro,info@ciclismolarcianese.it,www.ciclismolarcianese.it
9/7/2025,9/7/2025,Grote prijs Beerens,,BEL,WE,EUR,1.1,info@destervanaartselaar.be,www.destervanaartselaar.be
9/8/2025,9/9/2025,Tour of Binzhou,,CHN,ME,ASI,2.1,admin@chncycling.com; tourofbinzhou@163.com,http://cycling.sport.org.cn/
9/9/2025,9/14/2025,Tour Cycliste Féminin International de l'Ardèche,,FRA,WE,EUR,2.1,contact-tcfia@tcfia.com,www.tcfia.com
9/10/2025,9/10/2025,Giro della Toscana - Memorial Alfredo Martini,,ITA,ME,EUR,1.1,coppasabatini@gmail.com,www.girodellatoscana.com
9/10/2025,9/14/2025,Turul Romaniei,,ROU,ME,EUR,2.2,office@federatiadeciclism.ro,www.turulromaniei.ro
9/11/2025,9/11/2025,Gran Premio città di Peccioli - Coppa Sabatini,,ITA,ME,EUR,1.Pro,coppasabatini@gmail.com,www.coppasabatini.com
9/12/2025,9/12/2025,Grand Prix Cycliste de Québec,,CAN,ME,UWT,1.UWT,info@gpcqm.ca; jlimare@gpcqm.ca,www.gpcqm.ca
9/13/2025,9/13/2025,Memorial Marco Pantani,,ITA,ME,EUR,1.1,gsemiliaciclismo@tin.it,www.gsemilia.it
9/13/2025,9/13/2025,A Travers les Hauts de France,,FRA,WE,EUR,1.1,sebastien.barre85@gmail.com,www.clovissportorganisation.fr
9/13/2025,9/15/2025,Tour of Shanghai,,CHN,ME,ASI,2.2,admin@chncycling.com;caiyy@jussevent.com,
9/14/2025,9/14/2025,Trofeo Buffoni,,ITA,MJ,EUR,1.1,trofeobuffoni@yahoo.it,www.trofeobuffoni.com
9/14/2025,9/14/2025,Trofeo Matteotti,,ITA,ME,EUR,1.1,ucfernandoperna@gmail.com,www.trofeomatteotti.com
9/14/2025,9/14/2025,La Choralis Fourmies Féminine,,FRA,WE,EUR,1.Pro,gpf@fourmies.fr,www.grandprixdefourmies.com
9/14/2025,9/14/2025,GP Rik Van Looy,,BEL,ME,EUR,1.2,info@gprikvanlooy.be,www.gprikvanlooy.be
9/14/2025,9/14/2025,Women's Cycling Grand Prix Stuttgart & Region,,GER,WE,EUR,1.Pro,wcgp@inflame-events.com,www.stuttgart.wcgp.de
9/14/2025,9/14/2025,GP de Fourmies / La Voix du Nord,,FRA,ME,EUR,1.Pro,gpf@fourmies.fr,www.grandprixdefourmies.com
9/14/2025,9/14/2025,Pionera Race,,ESP,WE,EUR,1.2,eventos@sltmarketing.com,www.sltsport.eu
9/14/2025,9/14/2025,Grand Prix Cycliste de Montréal,,CAN,ME,UWT,1.UWT,info@gpcqm.ca; jlimare@gpcqm.ca,www.gpcqm.ca
9/17/2025,9/17/2025,Grand Prix de Wallonie,,BEL,ME,EUR,1.Pro,christophe.brandt@trworg.be; wendy.dessauvages@trworg.be,www.trworg.be
9/17/2025,9/17/2025,St Feuillien Grand Prix de Wallonie,,BEL,WE,EUR,1.1,wendy.dessauvages@trworg.be,www.trworg.be
9/17/2025,9/21/2025,Okolo Slovenska / Tour de Slovaquie,,SVK,ME,EUR,2.1,lucanic.ludovit@gmail.com,www.okoloslovenska.com
9/17/2025,9/21/2025,Skoda Tour de Luxembourg,,LUX,ME,EUR,2.Pro,info@skodatour.lu,www.skodatour.lu
9/18/2025,9/21/2025,Tour de Serbie,,SRB,ME,EUR,2.2,office@bss.rs,www.bss.rs
9/19/2025,9/19/2025,Kampioenschap van Vlaanderen,,BEL,ME,EUR,1.1,koolskamp@kampioenschapvanvlaanderen.be,www.kampioenschapvanvlaanderen.be
9/19/2025,9/19/2025,Chrono Féminin de Gatineau,,CAN,WE,AME,1.1,tourdegatineau@gmail.ca,tourdegatineau.ca
9/19/2025,9/21/2025,Tour of Huangshan,,CHN,ME,ASI,2.1,hanrm@orgpackaging.com;admin@chncycling.com,
9/19/2025,9/30/2025,Tour of Poyang Lake,,CHN,ME,ASI,2.2,jessie.zeng0321@qq.com;admin@chncycling.com,http://tyj.jiangxi.gov.cn/
9/20/2025,9/20/2025,SUPER 8 Classic,,BEL,ME,EUR,1.Pro,petervanpetegem@live.be,super8classic.be
9/20/2025,9/20/2025,Tour de Gatineau,,CAN,WE,AME,1.1,tourdegatineau@gmail.ca,tourdegatineau.ca
9/20/2025,9/21/2025,Keizer der Juniores,,BEL,MJ,EUR,2.1,jan.deramoudt@koksijde.be,www.keizerderjuniores.be
9/21/2025,9/21/2025,Grand Prix International d'Isbergues - Pas de Calais Féminin,,FRA,WE,EUR,1.1,jean-claude.willems@wanadoo.fr,www.gpisbergues.com
9/21/2025,9/21/2025,Gooikse Pijl,,BEL,ME,EUR,1.1,Steven@gooiksportief.be,http://www.gooiksportief.be/
9/21/2025,9/21/2025,Giro della Romagna,,ITA,ME,EUR,1.1,info@extragiro.it,www.extragiro.it
9/21/2025,9/21/2025,Grand Prix d'Isbergues - Pas de Calais,,FRA,ME,EUR,1.1,jean-claude.willems@wanadoo.fr,http://www.gpisbergues.com
9/21/2025,9/28/2025,	UCI Road World Championships,Kigali,RWA,,MON,CM,info@ucikigali2025.rw,ucikigali2025.rw
9/24/2025,9/24/2025,Omloop van het Houtland,,BEL,ME,EUR,1.1,info@omloopvanhethoutland.be,www.omloopvanhethoutland.be
9/26/2025,9/26/2025,Tour de la Mirabelle,,FRA,ME,EUR,1.2,lgoglione@yahoo.com,www.tour-de-la-mirabelle.com
9/27/2025,9/27/2025,Grand Prix Cerami,,BEL,ME,EUR,1.2,secretariat@ws-sport.events,ws-sport.events
9/27/2025,9/27/2025,Mirabelle Classic,,FRA,WE,EUR,1.2,mirabelle.orga@outlook.com,https://tourdelamirabelle.com/mirabelle-classic/
9/28/2025,9/28/2025,Paris-Chauny,,FRA,ME,EUR,1.1,julien.bauwens@orange.fr,www.parischauny.fr
9/28/2025,10/5/2025,Petronas Le Tour de Langkawi,,MAS,ME,ASI,2.Pro,mncf@mail.com,www.letourdelangkawi.my
9/30/2025,9/30/2025,Ruota d'Oro - GP Festa del Perdono,,ITA,MU,EUR,1.2U,ctbcomm@val.it,www.gpruotadoro.com
9/30/2025,10/4/2025,Grand Prix Chantal Biya,,CMR,ME,AFR,2.2,fecacyclisme2013@yahoo.fr; yossihonore@yahoo.fr,
9/30/2025,10/5/2025,CRO Race,,CRO,ME,EUR,2.1,vladimir.miholjevic@tse.hr,www.crorace.com
10/1/2025,10/5/2025,UEC Road European Championships 2025 - Drôme-Ardèche,,FRA,,EUR,CC,t.lardieri@uec.ch,www.uec.ch
10/1/2025,10/5/2025,Vuelta Internacional Femenina a Costa Rica,,CRC,WE,AME,2.2,fecoci@fecoci.net,www.fecoci.net
10/3/2025,10/3/2025,Sparkassen Münsterland Giro,,GER,ME,EUR,1.Pro,bergmann@stadt-muenster.de,www.muensterland-giro.de
10/4/2025,10/4/2025,Giro dell'Emilia,,ITA,ME,EUR,1.Pro,info@gsemilia.it,www.gsemilia.it
10/4/2025,10/4/2025,Il Lombardia Under 23,,ITA,MU,EUR,1.2U,velocluboggiono@gmail.com,www.illombardiaunder23.it
10/4/2025,10/4/2025,Giro dell'Emilia Internazionale Donne Elite,,ITA,WE,EUR,1.Pro,info@gsemilia.it,www.gsemilia.it
10/4/2025,10/4/2025,Oita Urban Classic Criterium,"Oita City, Oita Pref",JPN,ME,ASI,CRT,sportyuti@city.oita.oita.jp,http://www.oita-cyclefes.com/
10/4/2025,10/5/2025,La Philippe Gilbert juniors,,BEL,MJ,EUR,2.1,laura.laphilippegilbertjunior@gmail.com,www.philippegilbert.com
10/5/2025,10/5/2025,Coppa Agostoni - Giro delle Brianze,,ITA,ME,EUR,1.1,info@scsmobililissone.com,https://www.coppaagostoni.it/
10/5/2025,10/5/2025,Oita Urban Classic Road Race,,JPN,ME,ASI,1.2,sportyuti@city.oita.oita.jp,https://www.oita-cyclefes.com/
10/5/2025,10/5/2025,Gran Premio Ciudad de Eibar,,ESP,WE,EUR,1.Pro,clubciclistaeibarres@gmail.com,www.clubciclistaeibarres.org
10/5/2025,10/5/2025,Grand Prix d'Ongola,,CMR,ME,AFR,1.2,yossihonore@yahoo.fr,fecacyclisme2013@yahoo.fr
10/5/2025,10/6/2025,National Road Championships - Chinese Taipei,,TPE,,ASI,CN,tourdetw@ms35.hinet.net,https://cycling.org.tw/
10/6/2025,10/6/2025,Coppa Bernocchi - GP Banco BPM,,ITA,ME,EUR,1.Pro,u.s.legnanese@virgilio.it,uslegnanese.it
10/7/2025,10/7/2025,Tre Valli Varesine Women's Race,,ITA,WE,EUR,1.Pro,women@trevallivaresine.com; giaron@trevallivaresine.com,www.trevallivaresine.com
10/7/2025,10/7/2025,Tre Valli Varesine,,ITA,ME,EUR,1.Pro,renzo.oldani@gmail.com;giaron@trevallivaresine.com,www.trevallivaresine.com
10/7/2025,10/7/2025,Binche Chimay Binche pour Dames,,BEL,WE,EUR,1.1,o.couvreur@skynet.be,
10/7/2025,10/7/2025,Coppa Citta' Di San Daniele,,ITA,ME,EUR,1.2,uc.sandanielesi@yahoo.it,www.ucsandanielesi.com
10/7/2025,10/7/2025,Binche - Chimay - Binche / Mémorial Frank Vandenbroucke,,BEL,ME,EUR,1.1,o.couvreur@skynet.be; fhar@rtbf.be;,www.binche-tournai-binche.eu
10/7/2025,10/11/2025,Vuelta Ciclista Andalucia Elite women,,ESP,WE,EUR,2.1,joaquin@deporinter.es,www.vueltaandaluciawomen.es
10/9/2025,10/9/2025,Gran Piemonte,,ITA,ME,EUR,1.Pro,luca.papini@rcs.it,www.ilgranpiemonte.it
10/9/2025,10/12/2025,Tour of Taihu Lake,,CHN,ME,ASI,2.Pro,touroftaihulake@126.com;admin@chncycling.com,www.touroftaihu.com
10/10/2025,10/10/2025,Tour de Kyushu Criterium,"Sasebo City, Nagasaki",JPN,ME,ASI,CRTP,contact2@tourdekyushu.asia,www.tourdekyushu.asia
10/11/2025,10/11/2025,Il Lombardia,,ITA,ME,UWT,1.UWT,stefano.allocchio@rcs.it,www.illombardia.it
10/11/2025,10/11/2025,Tour de Vendée,,FRA,ME,EUR,1.1,tourdevendee@gmail.com,tourdevendee.com
10/11/2025,10/13/2025,Tour de Kyushu,,JPN,ME,ASI,2.1,contact2@tourdekyushu.asia,www.tourdekyushu.asia
10/12/2025,10/12/2025,Paris - Tours Elite,,FRA,ME,EUR,1.Pro,tgouvenou@aso.fr,www.letour.fr
10/12/2025,10/12/2025,Trofeo Baracchi,,ITA,ME,EUR,1.1,legaciclismoprof@legaciclismoprof.org,
10/12/2025,10/12/2025,National Road Championships - Cyprus IRR MU/WU,,CYP,,EUR,CN,ccf@cytanet.com.cy,
10/12/2025,10/12/2025,Paris - Tours Espoirs,,FRA,MU,EUR,1.2U,tgouvenou@aso.fr,www.letour.fr
10/13/2025,10/19/2025,National Road Championships - Vietnam,,VIE,,ASI,CN,vncycling@yahoo.com,
10/14/2025,10/16/2025,Tour of Chongming Island,,CHN,WE,MON,2.WWT,admin@chncycling.com; shcmhds@vip.163.com,
10/14/2025,10/19/2025,Gree-Tour of Guangxi,,CHN,ME,UWT,2.UWT,yinyushan@wanda.cn,http://www.tourofguangxi.com.cn
10/14/2025,10/19/2025,Tour of Holland,,NED,ME,EUR,2.1,Info@tigsports.nl,Under construction
10/15/2025,10/15/2025,Giro del Veneto,,ITA,ME,EUR,1.Pro,info@venturosport.com,www.girodelveneto.com
10/18/2025,10/18/2025,Utsunomiya Japan Cup Criterium,,JPN,ME,ASI,CRTP,japan-cup@city.utsunomiya.tochigi.jp,https://www.japancup.gr.jp/
10/18/2025,10/18/2025,Criterium Internacional La Nucía,La Nucía (Alicante),ESP,ME,EUR,CRTP,cdpodium@cdpodium.com,www.granfondolanucia.com
10/19/2025,10/19/2025,Chrono des Nations,,FRA,ME,EUR,1.1,contact@chronodesnations.com,www.chronodesnations.com
10/19/2025,10/19/2025,Chrono des Nations,,FRA,MJ,EUR,1.1,contact@chronodesnations.com,www.chronodesnations.com
10/19/2025,10/19/2025,Chrono des Nations,,FRA,MU,EUR,1.2U,contact@chronodesnations.com,www.chronodesnations.com
10/19/2025,10/19/2025,Chrono des Nations,,FRA,WE,EUR,1.1,contact@chronodesnations.com,www.chronodesnations.com
10/19/2025,10/19/2025,Veneto Classic,,ITA,ME,EUR,1.Pro,info@venturosport.com,www.venetoclassic.com
10/19/2025,10/19/2025,Chrono des Nations,,FRA,WJ,EUR,1.1,contact@chronodesnations.com,www.chronodesnations.com
10/19/2025,10/19/2025,Utsunomiya Japan Cup Road Race,,JPN,ME,ASI,1.Pro,japan-cup@city.utsunomiya.tochigi.jp,www.japancup.gr.jp
10/19/2025,10/19/2025,Tour of Guangxi,,CHN,WE,MON,1.WWT,yinyushan@wanda.cn;togwmen@163.com,
